,geometry,WAARNEMING_ID,NAAM,CODE,OMSCHRIJVING,STATUSWAARDE,BEMONSTERINGSHOOGTE,REFERENTIEVLAK,OPDRACHTGEVENDE_INSTANTIE,KWALITEITSWAARDE_CODE,WAARDE_LAATSTE_METING,TIJDSTIP_LAATSTE_METING,PARAMETER_WAT_OMSCHRIJVING,BEMONSTERINGSAPPARAATCODE,BEMONSTERINGSMETHODECODE,BEMONSTERINGSSOORTCODE,BIOTAXONCODE,BIOTAXONTYPE,COMPARTIMENTCODE,EENHEIDCODE,GROOTHEIDCODE,HOEDANIGHEIDCODE,MEETAPPARAATCODE,ORGAANCODE,PARAMETERCODE,TYPERINGCODE,GROEPERINGCODE,WAARDEBEPALINGSTECHNIEKCODE,WAARDEBEPALINGSMETHODECODE,WAARDEBEWERKINGSMETHODECODE,index_right,beleidnaambronhouder,identificatie,beleidbronnaam,beleidbronurl,begingeldigheid,beleidbrondatum,beleidnaam,bronhouder,classificatie1,classificatie2,classificatie3
480,POINT (209170.01738969103 609499.9463397942),8684,"Schiermonnikoog, Waddenzee",schiermonnikoog.waddenzee,"Schiermonnikoog, Waddenzee",Ongecontroleerd,0,NVT,RIKZMON_WAT,00,-62.0,2026-08-24T13:20:00.000Z,Waterhoogte in Oppervlaktewater t.o.v. Normaal Amsterdams Peil in cm,8000,NVT,SB,NVT,,OW,cm,WATHTE,NAP,10042,NVT,NVT,NVT,,NVT,other:F007,NVT,0,Rijkswateren,Waddenzee,Omgevingswet,https://wetten.overheid.nl/BWBR0037885/2024-01-01/0,2025-04-01T00:00:00+02:00,2025-04-01T00:00:00+02:00,NNN-Rijksw,54,,,
615,POINT (156480.00531856908 576549.9896817596),9967,"Harlingen, Waddenzee",harlingen.waddenzee,"Harlingen, Waddenzee",Ongecontroleerd,0,NVT,RIKZMON_WAT,00,-59.0,2026-08-24T13:20:00.000Z,Waterhoogte in Oppervlaktewater t.o.v. Normaal Amsterdams Peil in cm,8000,NVT,SB,NVT,,OW,cm,WATHTE,NAP,10042,NVT,NVT,NVT,,NVT,other:F007,NVT,0,Rijkswateren,Waddenzee,Omgevingswet,https://wetten.overheid.nl/BWBR0037885/2024-01-01/0,2025-04-01T00:00:00+02:00,2025-04-01T00:00:00+02:00,NNN-Rijksw,54,,,
691,POINT (143870.00713424713 597419.9822211565),10584,"Terschelling, west",terschelling.west,"Terschelling, west",Ongecontroleerd,0,NVT,RIKZMON_WAT,00,-76.0,2026-08-24T13:20:00.000Z,Waterhoogte in Oppervlaktewater t.o.v. Normaal Amsterdams Peil in cm,8000,NVT,SB,NVT,,OW,cm,WATHTE,NAP,10042,NVT,NVT,NVT,,NVT,other:F007,NVT,0,Rijkswateren,Waddenzee,Omgevingswet,https://wetten.overheid.nl/BWBR0037885/2024-01-01/0,2025-04-01T00:00:00+02:00,2025-04-01T00:00:00+02:00,NNN-Rijksw,54,,,
707,POINT (179743.03006612838 604896.9891156603),10708,"Ameland, Nes",ameland.nes,"Ameland, Nes",Ongecontroleerd,0,NVT,RIKZ_GOLVEN,00,-66.0,2026-08-24T13:20:00.000Z,Waterhoogte in Oppervlaktewater t.o.v. Normaal Amsterdams Peil in cm,8000,NVT,SB,NVT,,OW,cm,WATHTE,NAP,10220,NVT,NVT,NVT,,NVT,other:F046,NVT,0,Rijkswateren,Waddenzee,Omgevingswet,https://wetten.overheid.nl/BWBR0037885/2024-01-01/0,2025-04-01T00:00:00+02:00,2025-04-01T00:00:00+02:00,NNN-Rijksw,54,,,
867,POINT (245500.0326386186 609809.9985174687),12981,Uithuizerwad,uithuizerwad,"voorheen Uithuizerwad, 1",Ongecontroleerd,0,NVT,RIKZ_WAT,00,53.0,2026-08-24T13:20:00.000Z,Waterhoogte in Oppervlaktewater t.o.v. Normaal Amsterdams Peil in cm,8000,NVT,SB,NVT,,OW,cm,WATHTE,NAP,10081,NVT,NVT,NVT,,NVT,other:F007,NVT,0,Rijkswateren,Waddenzee,Omgevingswet,https://wetten.overheid.nl/BWBR0037885/2024-01-01/0,2025-04-01T00:00:00+02:00,2025-04-01T00:00:00+02:00,NNN-Rijksw,54,,,
921,POINT (111849.98711498224 553229.9992972258),13505,"Den Helder, Marsdiep",denhelder.marsdiep,"Den Helder, Marsdiep",Ongecontroleerd,0,NVT,RIKZMON_WAT,00,-48.0,2026-08-24T13:20:00.000Z,Waterhoogte in Oppervlaktewater t.o.v. Normaal Amsterdams Peil in cm,8000,NVT,SB,NVT,,OW,cm,WATHTE,NAP,10042,NVT,NVT,NVT,,NVT,other:F007,NVT,0,Rijkswateren,Waddenzee,Omgevingswet,https://wetten.overheid.nl/BWBR0037885/2024-01-01/0,2025-04-01T00:00:00+02:00,2025-04-01T00:00:00+02:00,NNN-Rijksw,54,,,
1618,POINT (132030.02871991743 549440.044526853),17972,"Den Oever, Waddenzee voorhaven",denoever.waddenzee.voorhaven,"Den Oever, Waddenzee voorhaven",Ongecontroleerd,0,NVT,RIKZMON_WAT,00,-70.0,2026-08-24T13:20:00.000Z,Waterhoogte in Oppervlaktewater t.o.v. Normaal Amsterdams Peil in cm,8000,NVT,SB,NVT,,OW,cm,WATHTE,NAP,10042,NVT,NVT,NVT,,NVT,other:F007,NVT,0,Rijkswateren,Waddenzee,Omgevingswet,https://wetten.overheid.nl/BWBR0037885/2024-01-01/0,2025-04-01T00:00:00+02:00,2025-04-01T00:00:00+02:00,NNN-Rijksw,54,,,
743533,POINT (169249.99977466397 605900.0549534864),4436138,Borndiep,borndiep,Borndiep,Gecontroleerd,-999999999,NVT,RIKZSBW,00,42.0,2008-03-29T23:56:00.000Z,Waterhoogte in Oppervlaktewater t.o.v. Normaal Amsterdams Peil in cm,8000,NVT,SB,NVT,,OW,cm,WATHTE,NAP,10005,NVT,NVT,NVT,,NVT,other:F183,NVT,0,Rijkswateren,Waddenzee,Omgevingswet,https://wetten.overheid.nl/BWBR0037885/2024-01-01/0,2025-04-01T00:00:00+02:00,2025-04-01T00:00:00+02:00,NNN-Rijksw,54,,,
824386,POINT (250749.99653686117 607900.0272354316),4915683,"Eemshaven, haven",eemshaven.haven,"Eemshaven, haven",Gecontroleerd,-999999999,NVT,RIKZMON_WAT,25,117.0,2024-09-11T14:00:00.000Z,Waterhoogte in Oppervlaktewater t.o.v. Normaal Amsterdams Peil in cm,8000,NVT,SB,NVT,,OW,cm,WATHTE,NAP,10042,NVT,NVT,NVT,,NVT,other:F007,NVT,0,Rijkswateren,Waddenzee,Omgevingswet,https://wetten.overheid.nl/BWBR0037885/2024-01-01/0,2025-04-01T00:00:00+02:00,2025-04-01T00:00:00+02:00,NNN-Rijksw,54,,,
824410,POINT (209170.01738969103 609499.9463397942),4915769,"Schiermonnikoog, Waddenzee",schiermonnikoog.waddenzee,"Schiermonnikoog, Waddenzee",Ongecontroleerd,-999999999,NVT,RIKZMON_WAT,00,90.0,2025-11-27T00:50:00.000Z,Waterhoogte in Oppervlaktewater t.o.v. Normaal Amsterdams Peil in cm,8000,NVT,SB,NVT,,OW,cm,WATHTE,NAP,10042,NVT,NVT,NVT,,NVT,other:F007,NVT,0,Rijkswateren,Waddenzee,Omgevingswet,https://wetten.overheid.nl/BWBR0037885/2024-01-01/0,2025-04-01T00:00:00+02:00,2025-04-01T00:00:00+02:00,NNN-Rijksw,54,,,
824415,POINT (179743.03006612838 604896.9891156603),4915785,"Ameland, Nes",ameland.nes,"Ameland, Nes",Ongecontroleerd,-999999999,NVT,RIKZMON_WAT,00,93.0,2025-11-27T00:50:00.000Z,Waterhoogte in Oppervlaktewater t.o.v. Normaal Amsterdams Peil in cm,8000,NVT,SB,NVT,,OW,cm,WATHTE,NAP,10042,NVT,NVT,NVT,,NVT,other:F007,NVT,0,Rijkswateren,Waddenzee,Omgevingswet,https://wetten.overheid.nl/BWBR0037885/2024-01-01/0,2025-04-01T00:00:00+02:00,2025-04-01T00:00:00+02:00,NNN-Rijksw,54,,,
824416,POINT (187653.02050237145 601148.0146580162),4915788,"Holwerd, Veersteiger",holwerd.veersteiger,zie kaart HAVKT.ZIP in DONAR,Gecontroleerd,-999999999,NVT,RIKZMON_WAT,00,200.0,2025-01-01T23:50:00.000Z,Waterhoogte in Oppervlaktewater t.o.v. Normaal Amsterdams Peil in cm,8000,NVT,SB,NVT,,OW,cm,WATHTE,NAP,10220,NVT,NVT,NVT,,NVT,other:F007,NVT,0,Rijkswateren,Waddenzee,Omgevingswet,https://wetten.overheid.nl/BWBR0037885/2024-01-01/0,2025-04-01T00:00:00+02:00,2025-04-01T00:00:00+02:00,NNN-Rijksw,54,,,
824418,POINT (156480.00531856908 576549.9896817596),4915800,"Harlingen, Waddenzee",harlingen.waddenzee,"Harlingen, Waddenzee",Gecontroleerd,-999999999,NVT,RIKZMON_WAT,00,-19.0,2026-01-01T23:50:00.000Z,Waterhoogte in Oppervlaktewater t.o.v. Normaal Amsterdams Peil in cm,8000,NVT,SB,NVT,,OW,cm,WATHTE,NAP,10042,NVT,NVT,NVT,,NVT,other:F007,NVT,0,Rijkswateren,Waddenzee,Omgevingswet,https://wetten.overheid.nl/BWBR0037885/2024-01-01/0,2025-04-01T00:00:00+02:00,2025-04-01T00:00:00+02:00,NNN-Rijksw,54,,,
824421,POINT (143870.00713424713 597419.9822211565),4915816,"Terschelling, west",terschelling.west,"Terschelling, west",Gecontroleerd,-999999999,NVT,RIKZMON_WAT,00,-52.0,2026-01-01T23:50:00.000Z,Waterhoogte in Oppervlaktewater t.o.v. Normaal Amsterdams Peil in cm,8000,NVT,SB,NVT,,OW,cm,WATHTE,NAP,10042,NVT,NVT,NVT,,NVT,other:F007,NVT,0,Rijkswateren,Waddenzee,Omgevingswet,https://wetten.overheid.nl/BWBR0037885/2024-01-01/0,2025-04-01T00:00:00+02:00,2025-04-01T00:00:00+02:00,NNN-Rijksw,54,,,
824427,POINT (151484.81579166203 565306.1851964414),4915835,Kornwerderzand Waddenzee buitenhaven,kornwerderzand.waddenzee.buitenhaven,Kornwerderzand Waddenzee buitenhaven,Ongecontroleerd,-999999999,NVT,RIKZMON_WAT,00,88.0,2025-11-27T00:50:00.000Z,Waterhoogte in Oppervlaktewater t.o.v. Normaal Amsterdams Peil in cm,8000,NVT,SB,NVT,,OW,cm,WATHTE,NAP,10042,NVT,NVT,NVT,,NVT,other:F007,NVT,0,Rijkswateren,Waddenzee,Omgevingswet,https://wetten.overheid.nl/BWBR0037885/2024-01-01/0,2025-04-01T00:00:00+02:00,2025-04-01T00:00:00+02:00,NNN-Rijksw,54,,,
824434,POINT (132030.02871991743 549440.044526853),4915861,"Den Oever, Waddenzee voorhaven",denoever.waddenzee.voorhaven,"Den Oever, Waddenzee voorhaven",Ongecontroleerd,-999999999,NVT,RIKZMON_WAT,00,66.0,2025-11-27T00:50:00.000Z,Waterhoogte in Oppervlaktewater t.o.v. Normaal Amsterdams Peil in cm,8000,NVT,SB,NVT,,OW,cm,WATHTE,NAP,10042,NVT,NVT,NVT,,NVT,other:F007,NVT,0,Rijkswateren,Waddenzee,Omgevingswet,https://wetten.overheid.nl/BWBR0037885/2024-01-01/0,2025-04-01T00:00:00+02:00,2025-04-01T00:00:00+02:00,NNN-Rijksw,54,,,
824442,POINT (111849.98711498224 553229.9992972258),4915886,"Den Helder, Marsdiep",denhelder.marsdiep,"Den Helder, Marsdiep",Gecontroleerd,-999999999,NVT,RIKZMON_WAT,00,-69.0,2026-01-01T23:50:00.000Z,Waterhoogte in Oppervlaktewater t.o.v. Normaal Amsterdams Peil in cm,8000,NVT,SB,NVT,,OW,cm,WATHTE,NAP,10042,NVT,NVT,NVT,,NVT,other:F007,NVT,0,Rijkswateren,Waddenzee,Omgevingswet,https://wetten.overheid.nl/BWBR0037885/2024-01-01/0,2025-04-01T00:00:00+02:00,2025-04-01T00:00:00+02:00,NNN-Rijksw,54,,,
896013,POINT (146480.95249004939 592823.9435865843),5151797,Slenk zuid,slenkzuid,Slenk zuid,Ongecontroleerd,-999999999,NVT,NNXXREG_WAT,00,-54.0,1999-12-31T23:50:00.000Z,Waterhoogte in Oppervlaktewater t.o.v. Normaal Amsterdams Peil in cm,8000,NVT,SB,NVT,,OW,cm,WATHTE,NAP,10042,NVT,NVT,NVT,,NVT,other:F007,NVT,0,Rijkswateren,Waddenzee,Omgevingswet,https://wetten.overheid.nl/BWBR0037885/2024-01-01/0,2025-04-01T00:00:00+02:00,2025-04-01T00:00:00+02:00,NNN-Rijksw,54,,,
896089,POINT (132030.02871991743 549440.044526853),5152069,"Den Oever, Waddenzee voorhaven",denoever.waddenzee.voorhaven,"Den Oever, Waddenzee voorhaven",Ongecontroleerd,-999999999,NVT,RIKZMON_WAT,00,79.0,1937-01-03T22:40:00.000Z,Waterhoogte in Oppervlaktewater t.o.v. Normaal Amsterdams Peil in cm,8000,NVT,SB,NVT,,OW,cm,WATHTE,NAP,10256,NVT,NVT,NVT,,NVT,other:F009,NVT,0,Rijkswateren,Waddenzee,Omgevingswet,https://wetten.overheid.nl/BWBR0037885/2024-01-01/0,2025-04-01T00:00:00+02:00,2025-04-01T00:00:00+02:00,NNN-Rijksw,54,,,
896132,POINT (141758.01485041372 568564.0059316497),5152224,Omdraai,omdraai,Omdraai,Ongecontroleerd,-999999999,NVT,NNXXREG_WAT,00,91.0,1999-10-28T00:50:00.000Z,Waterhoogte in Oppervlaktewater t.o.v. Normaal Amsterdams Peil in cm,8000,NVT,SB,NVT,,OW,cm,WATHTE,NAP,10042,NVT,NVT,NVT,,NVT,other:F007,NVT,0,Rijkswateren,Waddenzee,Omgevingswet,https://wetten.overheid.nl/BWBR0037885/2024-01-01/0,2025-04-01T00:00:00+02:00,2025-04-01T00:00:00+02:00,NNN-Rijksw,54,,,
896564,POINT (200086.00805644417 607734.0456984105),5153783,Engelsmanplaat,engelsmanplaat,Engelsmanplaat,Ongecontroleerd,-999999999,NVT,NNXXREG_WAT,00,-56.0,1999-12-31T23:50:00.000Z,Waterhoogte in Oppervlaktewater t.o.v. Normaal Amsterdams Peil in cm,8000,NVT,SB,NVT,,OW,cm,WATHTE,NAP,10042,NVT,NVT,NVT,,NVT,other:F007,NVT,0,Rijkswateren,Waddenzee,Omgevingswet,https://wetten.overheid.nl/BWBR0037885/2024-01-01/0,2025-04-01T00:00:00+02:00,2025-04-01T00:00:00+02:00,NNN-Rijksw,54,,,
897090,POINT (199342.0219217618 608781.0324986115),5155592,"Engelsmanplaat, noord",engelsmanplaat.noord,"Engelsmanplaat, noord",Gecontroleerd,-999999999,NVT,NNXXREG_WAT,00,94.0,1989-12-27T09:20:00.000Z,Waterhoogte in Oppervlaktewater t.o.v. Normaal Amsterdams Peil in cm,8000,NVT,SB,NVT,,OW,cm,WATHTE,NAP,10169,NVT,NVT,NVT,,NVT,other:F009,NVT,0,Rijkswateren,Waddenzee,Omgevingswet,https://wetten.overheid.nl/BWBR0037885/2024-01-01/0,2025-04-01T00:00:00+02:00,2025-04-01T00:00:00+02:00,NNN-Rijksw,54,,,
897135,POINT (229598.0041537197 611663.0229063556),5155747,Boschwad,boschwad,Boschwad,Ongecontroleerd,-999999999,NVT,NNXXREG_WAT,00,-90.0,1995-12-04T23:50:00.000Z,Waterhoogte in Oppervlaktewater t.o.v. Normaal Amsterdams Peil in cm,8000,NVT,SB,NVT,,OW,cm,WATHTE,NAP,10042,NVT,NVT,NVT,,NVT,other:F007,NVT,0,Rijkswateren,Waddenzee,Omgevingswet,https://wetten.overheid.nl/BWBR0037885/2024-01-01/0,2025-04-01T00:00:00+02:00,2025-04-01T00:00:00+02:00,NNN-Rijksw,54,,,
897177,POINT (232160.03152450908 617758.024777798),5155905,Schild noord,schildnoord,Schild noord,Ongecontroleerd,-999999999,NVT,NNXXREG_WAT,00,26.0,1998-12-01T23:50:00.000Z,Waterhoogte in Oppervlaktewater t.o.v. Normaal Amsterdams Peil in cm,8000,NVT,SB,NVT,,OW,cm,WATHTE,NAP,10042,NVT,NVT,NVT,,NVT,other:F007,NVT,0,Rijkswateren,Waddenzee,Omgevingswet,https://wetten.overheid.nl/BWBR0037885/2024-01-01/0,2025-04-01T00:00:00+02:00,2025-04-01T00:00:00+02:00,NNN-Rijksw,54,,,
897180,POINT (173623.99899082724 602761.0035498189),5155915,Vrijheidsplaat,vrijheidsplaat,Vrijheidsplaat,Ongecontroleerd,-999999999,NVT,NNXXREG_WAT,00,-124.0,1996-01-31T23:50:00.000Z,Waterhoogte in Oppervlaktewater t.o.v. Normaal Amsterdams Peil in cm,8000,NVT,SB,NVT,,OW,cm,WATHTE,NAP,10042,NVT,NVT,NVT,,NVT,other:F007,NVT,0,Rijkswateren,Waddenzee,Omgevingswet,https://wetten.overheid.nl/BWBR0037885/2024-01-01/0,2025-04-01T00:00:00+02:00,2025-04-01T00:00:00+02:00,NNN-Rijksw,54,,,
897425,POINT (139763.0146743396 558106.9847916462),5156759,Breezanddijk,breezanddijk,Breezanddijk,Ongecontroleerd,-999999999,NVT,NNXXREG_WAT,00,64.0,1999-09-13T00:50:00.000Z,Waterhoogte in Oppervlaktewater t.o.v. Normaal Amsterdams Peil in cm,8000,NVT,SB,NVT,,OW,cm,WATHTE,NAP,10042,NVT,NVT,NVT,,NVT,other:F007,NVT,0,Rijkswateren,Waddenzee,Omgevingswet,https://wetten.overheid.nl/BWBR0037885/2024-01-01/0,2025-04-01T00:00:00+02:00,2025-04-01T00:00:00+02:00,NNN-Rijksw,54,,,
897528,POINT (239571.01986066444 616054.9681653657),5157132,Horsbornzand,horsbornzand,Horsbornzand,Ongecontroleerd,-999999999,NVT,NNXXREG_WAT,00,75.0,1996-11-26T09:50:00.000Z,Waterhoogte in Oppervlaktewater t.o.v. Normaal Amsterdams Peil in cm,8000,NVT,SB,NVT,,OW,cm,WATHTE,NAP,10042,NVT,NVT,NVT,,NVT,other:F007,NVT,0,Rijkswateren,Waddenzee,Omgevingswet,https://wetten.overheid.nl/BWBR0037885/2024-01-01/0,2025-04-01T00:00:00+02:00,2025-04-01T00:00:00+02:00,NNN-Rijksw,54,,,
897578,POINT (169249.99977466397 605900.0549534864),5157300,Borndiep,borndiep,Borndiep,Gecontroleerd,-999999999,NVT,RIKZSBW,00,-10.0,2008-05-05T11:26:00.000Z,Waterhoogte in Oppervlaktewater t.o.v. Normaal Amsterdams Peil in cm,8000,NVT,SB,NVT,,OW,cm,WATHTE,NAP,10005,NVT,NVT,NVT,,NVT,other:F183,NVT,0,Rijkswateren,Waddenzee,Omgevingswet,https://wetten.overheid.nl/BWBR0037885/2024-01-01/0,2025-04-01T00:00:00+02:00,2025-04-01T00:00:00+02:00,NNN-Rijksw,54,,,
897588,POINT (225700.00932139394 613900.0307884726),5157331,"Lauwers, zuid",lauwers.zuid,"Lauwers, zuid",Ongecontroleerd,-999999999,NVT,NNXXREG_WAT,00,36.0,1999-09-23T00:50:00.000Z,Waterhoogte in Oppervlaktewater t.o.v. Normaal Amsterdams Peil in cm,8000,NVT,SB,NVT,,OW,cm,WATHTE,NAP,10042,NVT,NVT,NVT,,NVT,other:F007,NVT,0,Rijkswateren,Waddenzee,Omgevingswet,https://wetten.overheid.nl/BWBR0037885/2024-01-01/0,2025-04-01T00:00:00+02:00,2025-04-01T00:00:00+02:00,NNN-Rijksw,54,,,
897598,POINT (229829.01041306864 607575.9538269683),5157366,"Zuid Oost Lauwers, oost",zuidoostlauwers.oost,"Zuid Oost Lauwers, oost",Ongecontroleerd,-999999999,NVT,NNXXREG_WAT,00,122.0,1999-09-23T11:50:00.000Z,Waterhoogte in Oppervlaktewater t.o.v. Normaal Amsterdams Peil in cm,8000,NVT,SB,NVT,,OW,cm,WATHTE,NAP,10042,NVT,NVT,NVT,,NVT,other:F007,NVT,0,Rijkswateren,Waddenzee,Omgevingswet,https://wetten.overheid.nl/BWBR0037885/2024-01-01/0,2025-04-01T00:00:00+02:00,2025-04-01T00:00:00+02:00,NNN-Rijksw,54,,,
897716,POINT (147700.01683997 581999.9975049143),5157790,"Blauwe Slenk, oost",blauweslenk.oost,"Blauwe Slenk, oost",Ongecontroleerd,-999999999,NVT,NNXXREG_WAT,00,26.0,1999-10-04T00:50:00.000Z,Waterhoogte in Oppervlaktewater t.o.v. Normaal Amsterdams Peil in cm,8000,NVT,SB,NVT,,OW,cm,WATHTE,NAP,10042,NVT,NVT,NVT,,NVT,other:F007,NVT,0,Rijkswateren,Waddenzee,Omgevingswet,https://wetten.overheid.nl/BWBR0037885/2024-01-01/0,2025-04-01T00:00:00+02:00,2025-04-01T00:00:00+02:00,NNN-Rijksw,54,,,
897762,POINT (141500.0241350465 575049.9952956529),5157945,Inschot,inschot,Inschot,Ongecontroleerd,-999999999,NVT,NNXXREG_WAT,00,57.0,1996-08-08T04:00:00.000Z,Waterhoogte in Oppervlaktewater t.o.v. Normaal Amsterdams Peil in cm,8000,NVT,SB,NVT,,OW,cm,WATHTE,NAP,10042,NVT,NVT,NVT,,NVT,other:F007,NVT,0,Rijkswateren,Waddenzee,Omgevingswet,https://wetten.overheid.nl/BWBR0037885/2024-01-01/0,2025-04-01T00:00:00+02:00,2025-04-01T00:00:00+02:00,NNN-Rijksw,54,,,
897771,POINT (227969.0203433221 608151.9610532694),5157973,Robbengat,robbengat,Robbengat,Ongecontroleerd,-999999999,NVT,NNXXREG_WAT,00,-9.0,1994-12-15T23:50:00.000Z,Waterhoogte in Oppervlaktewater t.o.v. Normaal Amsterdams Peil in cm,8000,NVT,SB,NVT,,OW,cm,WATHTE,NAP,10042,NVT,NVT,NVT,,NVT,other:F007,NVT,0,Rijkswateren,Waddenzee,Omgevingswet,https://wetten.overheid.nl/BWBR0037885/2024-01-01/0,2025-04-01T00:00:00+02:00,2025-04-01T00:00:00+02:00,NNN-Rijksw,54,,,
898102,POINT (200086.00805644417 607734.0456984105),5159105,Engelsmanplaat,engelsmanplaat,Engelsmanplaat,Ongecontroleerd,-999999999,NVT,NNXXREG_WAT,00,69.0,1995-12-31T23:50:00.000Z,Waterhoogte in Oppervlaktewater t.o.v. Normaal Amsterdams Peil in cm,8000,NVT,SB,NVT,,OW,cm,WATHTE,NAP,10042,NVT,NVT,NVT,,NVT,other:F007,NVT,0,Rijkswateren,Waddenzee,Omgevingswet,https://wetten.overheid.nl/BWBR0037885/2024-01-01/0,2025-04-01T00:00:00+02:00,2025-04-01T00:00:00+02:00,NNN-Rijksw,54,,,
898175,POINT (200086.00805644417 607734.0456984105),5159377,Engelsmanplaat,engelsmanplaat,Engelsmanplaat,Ongecontroleerd,-999999999,NVT,NNXXREG_WAT,00,-10.0,1996-12-17T09:50:00.000Z,Waterhoogte in Oppervlaktewater t.o.v. Normaal Amsterdams Peil in cm,8000,NVT,SB,NVT,,OW,cm,WATHTE,NAP,10042,NVT,NVT,NVT,,NVT,other:F007,NVT,0,Rijkswateren,Waddenzee,Omgevingswet,https://wetten.overheid.nl/BWBR0037885/2024-01-01/0,2025-04-01T00:00:00+02:00,2025-04-01T00:00:00+02:00,NNN-Rijksw,54,,,
898229,POINT (184592.98735800956 604006.995115916),5159554,Zuiderspruit,zuiderspruit,Zuiderspruit,Ongecontroleerd,-999999999,NVT,NNXXREG_WAT,00,340.0,1996-08-15T00:50:00.000Z,Waterhoogte in Oppervlaktewater t.o.v. Normaal Amsterdams Peil in cm,8000,NVT,SB,NVT,,OW,cm,WATHTE,NAP,10042,NVT,NVT,NVT,,NVT,other:F007,NVT,0,Rijkswateren,Waddenzee,Omgevingswet,https://wetten.overheid.nl/BWBR0037885/2024-01-01/0,2025-04-01T00:00:00+02:00,2025-04-01T00:00:00+02:00,NNN-Rijksw,54,,,
898481,POINT (216465.97198477393 605485.0464937869),5160443,Lutjewad,lutjewad,Lutjewad,Ongecontroleerd,-999999999,NVT,NNXXREG_WAT,00,113.0,1999-09-13T00:50:00.000Z,Waterhoogte in Oppervlaktewater t.o.v. Normaal Amsterdams Peil in cm,8000,NVT,SB,NVT,,OW,cm,WATHTE,NAP,10042,NVT,NVT,NVT,,NVT,other:F007,NVT,0,Rijkswateren,Waddenzee,Omgevingswet,https://wetten.overheid.nl/BWBR0037885/2024-01-01/0,2025-04-01T00:00:00+02:00,2025-04-01T00:00:00+02:00,NNN-Rijksw,54,,,
898621,POINT (217950.01446909673 610250.015188952),5160930,Schiermonnikoog.Eilanderbalg,schiermonnikoog.eilanderbalg,Schiermonnikoog.Eilanderbalg,Ongecontroleerd,-999999999,NVT,NNXXREG_WAT,00,172.0,1994-12-04T23:50:00.000Z,Waterhoogte in Oppervlaktewater t.o.v. Normaal Amsterdams Peil in cm,8000,NVT,SB,NVT,,OW,cm,WATHTE,NAP,10042,NVT,NVT,NVT,,NVT,other:F007,NVT,0,Rijkswateren,Waddenzee,Omgevingswet,https://wetten.overheid.nl/BWBR0037885/2024-01-01/0,2025-04-01T00:00:00+02:00,2025-04-01T00:00:00+02:00,NNN-Rijksw,54,,,
898761,POINT (197187.9881062099 605126.9829781536),5161420,Smeriggat,smeriggat,Smeriggat,Ongecontroleerd,-999999999,NVT,NNXXREG_WAT,00,75.0,2000-07-06T00:50:00.000Z,Waterhoogte in Oppervlaktewater t.o.v. Normaal Amsterdams Peil in cm,8000,NVT,SB,NVT,,OW,cm,WATHTE,NAP,10042,NVT,NVT,NVT,,NVT,other:F007,NVT,0,Rijkswateren,Waddenzee,Omgevingswet,https://wetten.overheid.nl/BWBR0037885/2024-01-01/0,2025-04-01T00:00:00+02:00,2025-04-01T00:00:00+02:00,NNN-Rijksw,54,,,
898832,POINT (239571.01986066444 616054.9681653657),5161673,Horsbornzand,horsbornzand,Horsbornzand,Ongecontroleerd,-999999999,NVT,NNXXREG_WAT,00,-83.0,1998-11-17T23:50:00.000Z,Waterhoogte in Oppervlaktewater t.o.v. Normaal Amsterdams Peil in cm,8000,NVT,SB,NVT,,OW,cm,WATHTE,NAP,10042,NVT,NVT,NVT,,NVT,other:F007,NVT,0,Rijkswateren,Waddenzee,Omgevingswet,https://wetten.overheid.nl/BWBR0037885/2024-01-01/0,2025-04-01T00:00:00+02:00,2025-04-01T00:00:00+02:00,NNN-Rijksw,54,,,
898891,POINT (232160.03152450908 617758.024777798),5161875,Schild noord,schildnoord,Schild noord,Ongecontroleerd,-999999999,NVT,NNXXREG_WAT,00,35.0,1994-10-25T15:50:00.000Z,Waterhoogte in Oppervlaktewater t.o.v. Normaal Amsterdams Peil in cm,8000,NVT,SB,NVT,,OW,cm,WATHTE,NAP,10042,NVT,NVT,NVT,,NVT,other:F007,NVT,0,Rijkswateren,Waddenzee,Omgevingswet,https://wetten.overheid.nl/BWBR0037885/2024-01-01/0,2025-04-01T00:00:00+02:00,2025-04-01T00:00:00+02:00,NNN-Rijksw,54,,,
898900,POINT (199999.96918139217 602586.9598247408),5161910,Wierumerwad,wierumerwad,1,Ongecontroleerd,-999999999,NVT,RIKZ_WAT,00,7.0,2009-06-29T20:00:00.000Z,Waterhoogte in Oppervlaktewater t.o.v. Normaal Amsterdams Peil in cm,8000,NVT,SB,NVT,,OW,cm,WATHTE,NAP,10220,NVT,NVT,NVT,,NVT,other:F007,NVT,0,Rijkswateren,Waddenzee,Omgevingswet,https://wetten.overheid.nl/BWBR0037885/2024-01-01/0,2025-04-01T00:00:00+02:00,2025-04-01T00:00:00+02:00,NNN-Rijksw,54,,,
899071,POINT (245500.0326386186 609809.9985174687),5162521,Uithuizerwad,uithuizerwad,"voorheen Uithuizerwad, 1",Ongecontroleerd,-999999999,NVT,RIKZ_WAT,00,91.0,2025-11-27T00:50:00.000Z,Waterhoogte in Oppervlaktewater t.o.v. Normaal Amsterdams Peil in cm,8000,NVT,SB,NVT,,OW,cm,WATHTE,NAP,10081,NVT,NVT,NVT,,NVT,other:F007,NVT,0,Rijkswateren,Waddenzee,Omgevingswet,https://wetten.overheid.nl/BWBR0037885/2024-01-01/0,2025-04-01T00:00:00+02:00,2025-04-01T00:00:00+02:00,NNN-Rijksw,54,,,
899317,POINT (200086.00805644417 607734.0456984105),5163374,Engelsmanplaat,engelsmanplaat,Engelsmanplaat,Ongecontroleerd,-999999999,NVT,NNXXREG_WAT,00,-32.0,1998-12-31T23:50:00.000Z,Waterhoogte in Oppervlaktewater t.o.v. Normaal Amsterdams Peil in cm,8000,NVT,SB,NVT,,OW,cm,WATHTE,NAP,10042,NVT,NVT,NVT,,NVT,other:F007,NVT,0,Rijkswateren,Waddenzee,Omgevingswet,https://wetten.overheid.nl/BWBR0037885/2024-01-01/0,2025-04-01T00:00:00+02:00,2025-04-01T00:00:00+02:00,NNN-Rijksw,54,,,
899406,POINT (169249.99977466397 605900.0549534864),5163694,Borndiep,borndiep,Borndiep,Gecontroleerd,-999999999,NVT,RIKZSBW,00,-107.0,2008-03-27T06:48:00.000Z,Waterhoogte in Oppervlaktewater t.o.v. Normaal Amsterdams Peil in cm,8000,NVT,SB,NVT,,OW,cm,WATHTE,NAP,10005,NVT,NVT,NVT,,NVT,other:F183,NVT,0,Rijkswateren,Waddenzee,Omgevingswet,https://wetten.overheid.nl/BWBR0037885/2024-01-01/0,2025-04-01T00:00:00+02:00,2025-04-01T00:00:00+02:00,NNN-Rijksw,54,,,
899475,POINT (151835.0112485715 578436.0223619972),5163931,Pollendam,pollendam,Pollendam,Ongecontroleerd,-999999999,NVT,NNXXREG_WAT,00,-35.0,1996-10-18T00:50:00.000Z,Waterhoogte in Oppervlaktewater t.o.v. Normaal Amsterdams Peil in cm,8000,NVT,SB,NVT,,OW,cm,WATHTE,NAP,10042,NVT,NVT,NVT,,NVT,other:F007,NVT,0,Rijkswateren,Waddenzee,Omgevingswet,https://wetten.overheid.nl/BWBR0037885/2024-01-01/0,2025-04-01T00:00:00+02:00,2025-04-01T00:00:00+02:00,NNN-Rijksw,54,,,
899547,POINT (165939.97147826193 603850.0003518455),5164184,Boschgat,boschgat,Boschgat,Ongecontroleerd,-999999999,NVT,NNXXREG_WAT,00,37.0,1996-08-08T00:50:00.000Z,Waterhoogte in Oppervlaktewater t.o.v. Normaal Amsterdams Peil in cm,8000,NVT,SB,NVT,,OW,cm,WATHTE,NAP,10042,NVT,NVT,NVT,,NVT,other:F007,NVT,0,Rijkswateren,Waddenzee,Omgevingswet,https://wetten.overheid.nl/BWBR0037885/2024-01-01/0,2025-04-01T00:00:00+02:00,2025-04-01T00:00:00+02:00,NNN-Rijksw,54,,,
899633,POINT (111849.98711498224 553229.9992972258),5164481,"Den Helder, Marsdiep",denhelder.marsdiep,"Den Helder, Marsdiep",Ongecontroleerd,-999999999,NVT,RIKZMON_WAT,00,-57.0,1960-12-31T23:40:00.000Z,Waterhoogte in Oppervlaktewater t.o.v. Normaal Amsterdams Peil in cm,8000,NVT,SB,NVT,,OW,cm,WATHTE,NAP,10272,NVT,NVT,NVT,,NVT,other:F009,NVT,0,Rijkswateren,Waddenzee,Omgevingswet,https://wetten.overheid.nl/BWBR0037885/2024-01-01/0,2025-04-01T00:00:00+02:00,2025-04-01T00:00:00+02:00,NNN-Rijksw,54,,,
899721,POINT (232160.03152450908 617758.024777798),5164785,Schild noord,schildnoord,Schild noord,Ongecontroleerd,-999999999,NVT,NNXXREG_WAT,00,-90.0,1995-12-20T23:50:00.000Z,Waterhoogte in Oppervlaktewater t.o.v. Normaal Amsterdams Peil in cm,8000,NVT,SB,NVT,,OW,cm,WATHTE,NAP,10042,NVT,NVT,NVT,,NVT,other:F007,NVT,0,Rijkswateren,Waddenzee,Omgevingswet,https://wetten.overheid.nl/BWBR0037885/2024-01-01/0,2025-04-01T00:00:00+02:00,2025-04-01T00:00:00+02:00,NNN-Rijksw,54,,,
899846,POINT (239571.01986066444 616054.9681653657),5165212,Horsbornzand,horsbornzand,Horsbornzand,Ongecontroleerd,-999999999,NVT,NNXXREG_WAT,00,58.0,1995-12-04T23:50:00.000Z,Waterhoogte in Oppervlaktewater t.o.v. Normaal Amsterdams Peil in cm,8000,NVT,SB,NVT,,OW,cm,WATHTE,NAP,10042,NVT,NVT,NVT,,NVT,other:F007,NVT,0,Rijkswateren,Waddenzee,Omgevingswet,https://wetten.overheid.nl/BWBR0037885/2024-01-01/0,2025-04-01T00:00:00+02:00,2025-04-01T00:00:00+02:00,NNN-Rijksw,54,,,
899854,POINT (170500.0002628765 592850.0463623883),5165237,Zwarte Haan,zwartehaan,Zwarte Haan,Ongecontroleerd,-999999999,NVT,NNXXREG_WAT,00,60.0,1998-06-23T00:50:00.000Z,Waterhoogte in Oppervlaktewater t.o.v. Normaal Amsterdams Peil in cm,8000,NVT,SB,NVT,,OW,cm,WATHTE,NAP,10042,NVT,NVT,NVT,,NVT,other:F007,NVT,0,Rijkswateren,Waddenzee,Omgevingswet,https://wetten.overheid.nl/BWBR0037885/2024-01-01/0,2025-04-01T00:00:00+02:00,2025-04-01T00:00:00+02:00,NNN-Rijksw,54,,,
899915,POINT (169249.99977466397 605900.0549534864),5165455,Borndiep,borndiep,Borndiep,Gecontroleerd,-999999999,NVT,RIKZSBW,00,-67.0,2008-01-08T15:35:00.000Z,Waterhoogte in Oppervlaktewater t.o.v. Normaal Amsterdams Peil in cm,8000,NVT,SB,NVT,,OW,cm,WATHTE,NAP,10005,NVT,NVT,NVT,,NVT,other:F183,NVT,0,Rijkswateren,Waddenzee,Omgevingswet,https://wetten.overheid.nl/BWBR0037885/2024-01-01/0,2025-04-01T00:00:00+02:00,2025-04-01T00:00:00+02:00,NNN-Rijksw,54,,,
899993,POINT (173623.99899082724 602761.0035498189),5165721,Vrijheidsplaat,vrijheidsplaat,Vrijheidsplaat,Ongecontroleerd,-999999999,NVT,NNXXREG_WAT,00,-27.0,1998-12-03T23:50:00.000Z,Waterhoogte in Oppervlaktewater t.o.v. Normaal Amsterdams Peil in cm,8000,NVT,SB,NVT,,OW,cm,WATHTE,NAP,10042,NVT,NVT,NVT,,NVT,other:F007,NVT,0,Rijkswateren,Waddenzee,Omgevingswet,https://wetten.overheid.nl/BWBR0037885/2024-01-01/0,2025-04-01T00:00:00+02:00,2025-04-01T00:00:00+02:00,NNN-Rijksw,54,,,
900046,POINT (111849.98711498224 553229.9992972258),5165904,"Den Helder, Marsdiep",denhelder.marsdiep,"Den Helder, Marsdiep",Ongecontroleerd,-999999999,NVT,RIKZ_WAT,00,73.0,1953-02-05T23:40:00.000Z,Waterhoogte in Oppervlaktewater t.o.v. Normaal Amsterdams Peil in cm,8000,NVT,SB,NVT,,OW,cm,WATHTE,NAP,10272,NVT,NVT,NVT,,NVT,other:F009,NVT,0,Rijkswateren,Waddenzee,Omgevingswet,https://wetten.overheid.nl/BWBR0037885/2024-01-01/0,2025-04-01T00:00:00+02:00,2025-04-01T00:00:00+02:00,NNN-Rijksw,54,,,
900104,POINT (151790.97503928177 597886.0505610477),5166110,Oosterom,oosterom,Oosterom,Ongecontroleerd,-999999999,NVT,NNXXREG_WAT,00,13.0,1999-10-04T00:50:00.000Z,Waterhoogte in Oppervlaktewater t.o.v. Normaal Amsterdams Peil in cm,8000,NVT,SB,NVT,,OW,cm,WATHTE,NAP,10042,NVT,NVT,NVT,,NVT,other:F007,NVT,0,Rijkswateren,Waddenzee,Omgevingswet,https://wetten.overheid.nl/BWBR0037885/2024-01-01/0,2025-04-01T00:00:00+02:00,2025-04-01T00:00:00+02:00,NNN-Rijksw,54,,,
900131,POINT (141500.0241350465 575049.9952956529),5166214,Inschot,inschot,Inschot,Ongecontroleerd,-999999999,NVT,NNXXREG_WAT,00,89.0,1998-10-22T00:50:00.000Z,Waterhoogte in Oppervlaktewater t.o.v. Normaal Amsterdams Peil in cm,8000,NVT,SB,NVT,,OW,cm,WATHTE,NAP,10042,NVT,NVT,NVT,,NVT,other:F007,NVT,0,Rijkswateren,Waddenzee,Omgevingswet,https://wetten.overheid.nl/BWBR0037885/2024-01-01/0,2025-04-01T00:00:00+02:00,2025-04-01T00:00:00+02:00,NNN-Rijksw,54,,,
900186,POINT (169249.99977466397 605900.0549534864),5166423,Borndiep,borndiep,Borndiep,Gecontroleerd,-999999999,NVT,RIKZSBW,00,-58.0,2008-01-09T03:21:00.000Z,Waterhoogte in Oppervlaktewater t.o.v. Normaal Amsterdams Peil in cm,8000,NVT,SB,NVT,,OW,cm,WATHTE,NAP,10005,NVT,NVT,NVT,,NVT,other:F183,NVT,0,Rijkswateren,Waddenzee,Omgevingswet,https://wetten.overheid.nl/BWBR0037885/2024-01-01/0,2025-04-01T00:00:00+02:00,2025-04-01T00:00:00+02:00,NNN-Rijksw,54,,,
900525,POINT (245500.0326386186 609809.9985174687),5167615,Uithuizerwad,uithuizerwad,"voorheen Uithuizerwad, 1",Ongecontroleerd,-999999999,NVT,RIKZ_WAT,00,67.0,2009-06-29T20:00:00.000Z,Waterhoogte in Oppervlaktewater t.o.v. Normaal Amsterdams Peil in cm,8000,NVT,SB,NVT,,OW,cm,WATHTE,NAP,10220,NVT,NVT,NVT,,NVT,other:F007,NVT,0,Rijkswateren,Waddenzee,Omgevingswet,https://wetten.overheid.nl/BWBR0037885/2024-01-01/0,2025-04-01T00:00:00+02:00,2025-04-01T00:00:00+02:00,NNN-Rijksw,54,,,
900538,POINT (179743.03006612838 604896.9891156603),5167659,"Ameland, Nes",ameland.nes,"Ameland, Nes",Ongecontroleerd,-999999999,NVT,RIKZMON_WAT,00,65.0,1979-09-27T00:00:00.000Z,Waterhoogte in Oppervlaktewater t.o.v. Normaal Amsterdams Peil in cm,8000,NVT,SB,NVT,,OW,cm,WATHTE,NAP,10169,NVT,NVT,NVT,,NVT,other:F009,NVT,0,Rijkswateren,Waddenzee,Omgevingswet,https://wetten.overheid.nl/BWBR0037885/2024-01-01/0,2025-04-01T00:00:00+02:00,2025-04-01T00:00:00+02:00,NNN-Rijksw,54,,,
900649,POINT (199999.96918139217 602586.9598247408),5168077,Wierumerwad,wierumerwad,1,Gecontroleerd,-999999999,NVT,RIKZ_WAT,00,21.0,2022-07-11T01:50:00.000Z,Waterhoogte in Oppervlaktewater t.o.v. Normaal Amsterdams Peil in cm,8000,NVT,SB,NVT,,OW,cm,WATHTE,NAP,10081,NVT,NVT,NVT,,NVT,other:F007,NVT,0,Rijkswateren,Waddenzee,Omgevingswet,https://wetten.overheid.nl/BWBR0037885/2024-01-01/0,2025-04-01T00:00:00+02:00,2025-04-01T00:00:00+02:00,NNN-Rijksw,54,,,
900711,POINT (224799.99813235243 614400.0549390113),5168285,Spruit,spruit,Spruit,Ongecontroleerd,-999999999,NVT,NNXXREG_WAT,00,174.0,1994-12-04T23:50:00.000Z,Waterhoogte in Oppervlaktewater t.o.v. Normaal Amsterdams Peil in cm,8000,NVT,SB,NVT,,OW,cm,WATHTE,NAP,10042,NVT,NVT,NVT,,NVT,other:F007,NVT,0,Rijkswateren,Waddenzee,Omgevingswet,https://wetten.overheid.nl/BWBR0037885/2024-01-01/0,2025-04-01T00:00:00+02:00,2025-04-01T00:00:00+02:00,NNN-Rijksw,54,,,
900783,POINT (162879.0263491952 589563.9921819731),5168535,Vingegat II,vingegatii,Vingegat II,Ongecontroleerd,-999999999,NVT,NNXXREG_WAT,00,102.0,1999-07-16T00:50:00.000Z,Waterhoogte in Oppervlaktewater t.o.v. Normaal Amsterdams Peil in cm,8000,NVT,SB,NVT,,OW,cm,WATHTE,NAP,10042,NVT,NVT,NVT,,NVT,other:F007,NVT,0,Rijkswateren,Waddenzee,Omgevingswet,https://wetten.overheid.nl/BWBR0037885/2024-01-01/0,2025-04-01T00:00:00+02:00,2025-04-01T00:00:00+02:00,NNN-Rijksw,54,,,
900833,POINT (241940.01244903528 613014.9935984703),5168712,Oude Westereems,oudewestereems,Oude Westereems,Ongecontroleerd,-999999999,NVT,NNXXREG_WAT,00,34.0,1997-11-19T23:50:00.000Z,Waterhoogte in Oppervlaktewater t.o.v. Normaal Amsterdams Peil in cm,8000,NVT,SB,NVT,,OW,cm,WATHTE,NAP,10042,NVT,NVT,NVT,,NVT,other:F007,NVT,0,Rijkswateren,Waddenzee,Omgevingswet,https://wetten.overheid.nl/BWBR0037885/2024-01-01/0,2025-04-01T00:00:00+02:00,2025-04-01T00:00:00+02:00,NNN-Rijksw,54,,,
900892,POINT (169249.99977466397 605900.0549534864),5168921,Borndiep,borndiep,Borndiep,Gecontroleerd,-999999999,NVT,RIKZSBW,00,-137.0,2008-05-05T16:42:00.000Z,Waterhoogte in Oppervlaktewater t.o.v. Normaal Amsterdams Peil in cm,8000,NVT,SB,NVT,,OW,cm,WATHTE,NAP,10005,NVT,NVT,NVT,,NVT,other:F183,NVT,0,Rijkswateren,Waddenzee,Omgevingswet,https://wetten.overheid.nl/BWBR0037885/2024-01-01/0,2025-04-01T00:00:00+02:00,2025-04-01T00:00:00+02:00,NNN-Rijksw,54,,,
900927,POINT (170500.0002628765 592850.0463623883),5169051,Zwarte Haan,zwartehaan,Zwarte Haan,Ongecontroleerd,-999999999,NVT,NNXXREG_WAT,00,122.0,1995-11-09T23:50:00.000Z,Waterhoogte in Oppervlaktewater t.o.v. Normaal Amsterdams Peil in cm,8000,NVT,SB,NVT,,OW,cm,WATHTE,NAP,10042,NVT,NVT,NVT,,NVT,other:F007,NVT,0,Rijkswateren,Waddenzee,Omgevingswet,https://wetten.overheid.nl/BWBR0037885/2024-01-01/0,2025-04-01T00:00:00+02:00,2025-04-01T00:00:00+02:00,NNN-Rijksw,54,,,
901006,POINT (141500.0241350465 575049.9952956529),5169339,Inschot,inschot,Inschot,Ongecontroleerd,-999999999,NVT,NNXXREG_WAT,00,191.0,1999-11-06T23:50:00.000Z,Waterhoogte in Oppervlaktewater t.o.v. Normaal Amsterdams Peil in cm,8000,NVT,SB,NVT,,OW,cm,WATHTE,NAP,10042,NVT,NVT,NVT,,NVT,other:F007,NVT,0,Rijkswateren,Waddenzee,Omgevingswet,https://wetten.overheid.nl/BWBR0037885/2024-01-01/0,2025-04-01T00:00:00+02:00,2025-04-01T00:00:00+02:00,NNN-Rijksw,54,,,
901060,POINT (156480.00531856908 576549.9896817596),5169519,"Harlingen, Waddenzee",harlingen.waddenzee,"Harlingen, Waddenzee",Ongecontroleerd,-999999999,NVT,RIKZ_WAT,00,196.0,1953-02-05T00:40:00.000Z,Waterhoogte in Oppervlaktewater t.o.v. Normaal Amsterdams Peil in cm,8000,NVT,SB,NVT,,OW,cm,WATHTE,NAP,10256,NVT,NVT,NVT,,NVT,other:F009,NVT,0,Rijkswateren,Waddenzee,Omgevingswet,https://wetten.overheid.nl/BWBR0037885/2024-01-01/0,2025-04-01T00:00:00+02:00,2025-04-01T00:00:00+02:00,NNN-Rijksw,54,,,
901083,POINT (229829.01041306864 607575.9538269683),5169610,"Zuid Oost Lauwers, oost",zuidoostlauwers.oost,"Zuid Oost Lauwers, oost",Ongecontroleerd,-999999999,NVT,NNXXREG_WAT,00,33.0,1998-11-24T23:50:00.000Z,Waterhoogte in Oppervlaktewater t.o.v. Normaal Amsterdams Peil in cm,8000,NVT,SB,NVT,,OW,cm,WATHTE,NAP,10042,NVT,NVT,NVT,,NVT,other:F007,NVT,0,Rijkswateren,Waddenzee,Omgevingswet,https://wetten.overheid.nl/BWBR0037885/2024-01-01/0,2025-04-01T00:00:00+02:00,2025-04-01T00:00:00+02:00,NNN-Rijksw,54,,,
901086,POINT (169249.99977466397 605900.0549534864),5169620,Borndiep,borndiep,Borndiep,Gecontroleerd,-999999999,NVT,RIKZSBW,00,81.0,2008-01-29T13:49:00.000Z,Waterhoogte in Oppervlaktewater t.o.v. Normaal Amsterdams Peil in cm,8000,NVT,SB,NVT,,OW,cm,WATHTE,NAP,10005,NVT,NVT,NVT,,NVT,other:F183,NVT,0,Rijkswateren,Waddenzee,Omgevingswet,https://wetten.overheid.nl/BWBR0037885/2024-01-01/0,2025-04-01T00:00:00+02:00,2025-04-01T00:00:00+02:00,NNN-Rijksw,54,,,
901141,POINT (147700.01683997 581999.9975049143),5169819,"Blauwe Slenk, oost",blauweslenk.oost,"Blauwe Slenk, oost",Ongecontroleerd,-999999999,NVT,NNXXREG_WAT,00,-67.0,1995-11-06T23:50:00.000Z,Waterhoogte in Oppervlaktewater t.o.v. Normaal Amsterdams Peil in cm,8000,NVT,SB,NVT,,OW,cm,WATHTE,NAP,10042,NVT,NVT,NVT,,NVT,other:F007,NVT,0,Rijkswateren,Waddenzee,Omgevingswet,https://wetten.overheid.nl/BWBR0037885/2024-01-01/0,2025-04-01T00:00:00+02:00,2025-04-01T00:00:00+02:00,NNN-Rijksw,54,,,
901350,POINT (200086.00805644417 607734.0456984105),5170550,Engelsmanplaat,engelsmanplaat,Engelsmanplaat,Ongecontroleerd,-999999999,NVT,NNXXREG_WAT,00,87.0,2000-05-08T00:50:00.000Z,Waterhoogte in Oppervlaktewater t.o.v. Normaal Amsterdams Peil in cm,8000,NVT,SB,NVT,,OW,cm,WATHTE,NAP,10042,NVT,NVT,NVT,,NVT,other:F007,NVT,0,Rijkswateren,Waddenzee,Omgevingswet,https://wetten.overheid.nl/BWBR0037885/2024-01-01/0,2025-04-01T00:00:00+02:00,2025-04-01T00:00:00+02:00,NNN-Rijksw,54,,,
901520,POINT (216465.97198477393 605485.0464937869),5171157,Lutjewad,lutjewad,Lutjewad,Ongecontroleerd,-999999999,NVT,NNXXREG_WAT,00,-81.0,1998-08-18T00:50:00.000Z,Waterhoogte in Oppervlaktewater t.o.v. Normaal Amsterdams Peil in cm,8000,NVT,SB,NVT,,OW,cm,WATHTE,NAP,10042,NVT,NVT,NVT,,NVT,other:F007,NVT,0,Rijkswateren,Waddenzee,Omgevingswet,https://wetten.overheid.nl/BWBR0037885/2024-01-01/0,2025-04-01T00:00:00+02:00,2025-04-01T00:00:00+02:00,NNN-Rijksw,54,,,
901537,POINT (217950.01446909673 610250.015188952),5171220,Schiermonnikoog.Eilanderbalg,schiermonnikoog.eilanderbalg,Schiermonnikoog.Eilanderbalg,Ongecontroleerd,-999999999,NVT,NNXXREG_WAT,00,-31.0,2000-09-11T00:50:00.000Z,Waterhoogte in Oppervlaktewater t.o.v. Normaal Amsterdams Peil in cm,8000,NVT,SB,NVT,,OW,cm,WATHTE,NAP,10042,NVT,NVT,NVT,,NVT,other:F007,NVT,0,Rijkswateren,Waddenzee,Omgevingswet,https://wetten.overheid.nl/BWBR0037885/2024-01-01/0,2025-04-01T00:00:00+02:00,2025-04-01T00:00:00+02:00,NNN-Rijksw,54,,,
901660,POINT (199342.0219217618 608781.0324986115),5171653,"Engelsmanplaat, noord",engelsmanplaat.noord,"Engelsmanplaat, noord",Ongecontroleerd,-999999999,NVT,RIKZMON_WAT,00,87.0,1992-11-30T23:50:00.000Z,Waterhoogte in Oppervlaktewater t.o.v. Normaal Amsterdams Peil in cm,8000,NVT,SB,NVT,,OW,cm,WATHTE,NAP,10272,NVT,NVT,NVT,,NVT,other:F009,NVT,0,Rijkswateren,Waddenzee,Omgevingswet,https://wetten.overheid.nl/BWBR0037885/2024-01-01/0,2025-04-01T00:00:00+02:00,2025-04-01T00:00:00+02:00,NNN-Rijksw,54,,,
901687,POINT (156480.00531856908 576549.9896817596),5171748,"Harlingen, Waddenzee",harlingen.waddenzee,"Harlingen, Waddenzee",Ongecontroleerd,-999999999,NVT,RIKZMON_WAT,00,38.0,1960-12-31T23:40:00.000Z,Waterhoogte in Oppervlaktewater t.o.v. Normaal Amsterdams Peil in cm,8000,NVT,SB,NVT,,OW,cm,WATHTE,NAP,10256,NVT,NVT,NVT,,NVT,other:F009,NVT,0,Rijkswateren,Waddenzee,Omgevingswet,https://wetten.overheid.nl/BWBR0037885/2024-01-01/0,2025-04-01T00:00:00+02:00,2025-04-01T00:00:00+02:00,NNN-Rijksw,54,,,
901812,POINT (143870.00713424713 597419.9822211565),5172191,"Terschelling, west",terschelling.west,"Terschelling, west",Ongecontroleerd,-999999999,NVT,RIKZMON_WAT,00,111.0,1972-11-21T23:00:00.000Z,Waterhoogte in Oppervlaktewater t.o.v. Normaal Amsterdams Peil in cm,8000,NVT,SB,NVT,,OW,cm,WATHTE,NAP,10256,NVT,NVT,NVT,,NVT,other:F009,NVT,0,Rijkswateren,Waddenzee,Omgevingswet,https://wetten.overheid.nl/BWBR0037885/2024-01-01/0,2025-04-01T00:00:00+02:00,2025-04-01T00:00:00+02:00,NNN-Rijksw,54,,,
901901,POINT (141758.01485041372 568564.0059316497),5172523,Omdraai,omdraai,Omdraai,Ongecontroleerd,-999999999,NVT,NNXXREG_WAT,00,15.0,1998-12-08T23:50:00.000Z,Waterhoogte in Oppervlaktewater t.o.v. Normaal Amsterdams Peil in cm,8000,NVT,SB,NVT,,OW,cm,WATHTE,NAP,10042,NVT,NVT,NVT,,NVT,other:F007,NVT,0,Rijkswateren,Waddenzee,Omgevingswet,https://wetten.overheid.nl/BWBR0037885/2024-01-01/0,2025-04-01T00:00:00+02:00,2025-04-01T00:00:00+02:00,NNN-Rijksw,54,,,
902013,POINT (216465.97198477393 605485.0464937869),5172906,Lutjewad,lutjewad,Lutjewad,Ongecontroleerd,-999999999,NVT,NNXXREG_WAT,00,-84.0,2000-10-29T00:50:00.000Z,Waterhoogte in Oppervlaktewater t.o.v. Normaal Amsterdams Peil in cm,8000,NVT,SB,NVT,,OW,cm,WATHTE,NAP,10042,NVT,NVT,NVT,,NVT,other:F007,NVT,0,Rijkswateren,Waddenzee,Omgevingswet,https://wetten.overheid.nl/BWBR0037885/2024-01-01/0,2025-04-01T00:00:00+02:00,2025-04-01T00:00:00+02:00,NNN-Rijksw,54,,,
902167,POINT (199342.0219217618 608781.0324986115),5173478,"Engelsmanplaat, noord",engelsmanplaat.noord,"Engelsmanplaat, noord",Ongecontroleerd,-999999999,NVT,NNXXREG_WAT,00,84.0,1996-09-02T00:50:00.000Z,Waterhoogte in Oppervlaktewater t.o.v. Normaal Amsterdams Peil in cm,8000,NVT,SB,NVT,,OW,cm,WATHTE,NAP,10042,NVT,NVT,NVT,,NVT,other:F007,NVT,0,Rijkswateren,Waddenzee,Omgevingswet,https://wetten.overheid.nl/BWBR0037885/2024-01-01/0,2025-04-01T00:00:00+02:00,2025-04-01T00:00:00+02:00,NNN-Rijksw,54,,,
902179,POINT (241940.01244903528 613014.9935984703),5173529,Oude Westereems,oudewestereems,Oude Westereems,Ongecontroleerd,-999999999,NVT,RIKZMON_WAT,00,75.0,1983-12-31T23:00:00.000Z,Waterhoogte in Oppervlaktewater t.o.v. Normaal Amsterdams Peil in cm,8000,NVT,SB,NVT,,OW,cm,WATHTE,NAP,10272,NVT,NVT,NVT,,NVT,other:F009,NVT,0,Rijkswateren,Waddenzee,Omgevingswet,https://wetten.overheid.nl/BWBR0037885/2024-01-01/0,2025-04-01T00:00:00+02:00,2025-04-01T00:00:00+02:00,NNN-Rijksw,54,,,
905300,POINT (179743.03006612838 604896.9891156603),5304299,"Ameland, Nes",ameland.nes,"Ameland, Nes",Gecontroleerd,-999999999,NVT,RIKZMON_WAT,00,99.0,2024-12-31T22:45:00.000Z,Waterhoogte in Oppervlaktewater t.o.v. Normaal Amsterdams Peil in cm,8000,NVT,SB,NVT,,OW,cm,WATHTE,NAP,10042,NVT,NVT,NVT,GETETM2,NVT,other:F010,NVT,0,Rijkswateren,Waddenzee,Omgevingswet,https://wetten.overheid.nl/BWBR0037885/2024-01-01/0,2025-04-01T00:00:00+02:00,2025-04-01T00:00:00+02:00,NNN-Rijksw,54,,,
905316,POINT (115000.00033091923 549840.0554559415),5304388,Oostoever,oostoever,Oostoever,Definitief,-999999999,NVT,RIKZMON_WAT,00,-2.0,1980-12-31T19:35:00.000Z,Waterhoogte in Oppervlaktewater t.o.v. Normaal Amsterdams Peil in cm,8000,NVT,SB,NVT,,OW,cm,WATHTE,NAP,10256,NVT,NVT,NVT,GETETM2,NVT,other:F009,NVT,0,Rijkswateren,Waddenzee,Omgevingswet,https://wetten.overheid.nl/BWBR0037885/2024-01-01/0,2025-04-01T00:00:00+02:00,2025-04-01T00:00:00+02:00,NNN-Rijksw,54,,,
905326,POINT (143870.00713424713 597419.9822211565),5304454,"Terschelling, west",terschelling.west,"Terschelling, west",Definitief,-999999999,NVT,RIKZMON_WAT,00,49.0,1972-12-31T18:28:00.000Z,Waterhoogte in Oppervlaktewater t.o.v. Normaal Amsterdams Peil in cm,8000,NVT,SB,NVT,,OW,cm,WATHTE,NAP,10256,NVT,NVT,NVT,GETETM2,NVT,other:F009,NVT,0,Rijkswateren,Waddenzee,Omgevingswet,https://wetten.overheid.nl/BWBR0037885/2024-01-01/0,2025-04-01T00:00:00+02:00,2025-04-01T00:00:00+02:00,NNN-Rijksw,54,,,
905349,POINT (111849.98711498224 553229.9992972258),5304594,"Den Helder, Marsdiep",denhelder.marsdiep,"Den Helder, Marsdiep",Definitief,-999999999,NVT,RIKZMON_WAT,00,51.0,1978-12-31T20:44:00.000Z,Waterhoogte in Oppervlaktewater t.o.v. Normaal Amsterdams Peil in cm,8000,NVT,SB,NVT,,OW,cm,WATHTE,NAP,10177,NVT,NVT,NVT,GETETM2,NVT,other:F009,NVT,0,Rijkswateren,Waddenzee,Omgevingswet,https://wetten.overheid.nl/BWBR0037885/2024-01-01/0,2025-04-01T00:00:00+02:00,2025-04-01T00:00:00+02:00,NNN-Rijksw,54,,,
905357,POINT (158319.97980939058 580390.0491630681),5304688,Roptazijl,roptazijl,Roptazijl,Ongecontroleerd,-999999999,NVT,RIKZMON_WAT,00,-111.0,1917-12-31T19:25:00.000Z,Waterhoogte in Oppervlaktewater t.o.v. Normaal Amsterdams Peil in cm,8000,NVT,SB,NVT,,OW,cm,WATHTE,NAP,10272,NVT,NVT,NVT,GETETM2,NVT,other:F009,NVT,0,Rijkswateren,Waddenzee,Omgevingswet,https://wetten.overheid.nl/BWBR0037885/2024-01-01/0,2025-04-01T00:00:00+02:00,2025-04-01T00:00:00+02:00,NNN-Rijksw,54,,,
905363,POINT (111849.98711498224 553229.9992972258),5304752,"Den Helder, Marsdiep",denhelder.marsdiep,"Den Helder, Marsdiep",Gecontroleerd,-999999999,NVT,RIKZMON_WAT,00,-69.0,2025-01-01T01:44:00.000Z,Waterhoogte in Oppervlaktewater t.o.v. Normaal Amsterdams Peil in cm,8000,NVT,SB,NVT,,OW,cm,WATHTE,NAP,10042,NVT,NVT,NVT,GETETM2,NVT,other:F010,NVT,0,Rijkswateren,Waddenzee,Omgevingswet,https://wetten.overheid.nl/BWBR0037885/2024-01-01/0,2025-04-01T00:00:00+02:00,2025-04-01T00:00:00+02:00,NNN-Rijksw,54,,,
905379,POINT (132030.02871991743 549440.044526853),5304809,"Den Oever, Waddenzee voorhaven",denoever.waddenzee.voorhaven,"Den Oever, Waddenzee voorhaven",Definitief,-999999999,NVT,RIKZMON_WAT,00,-81.0,1988-12-31T19:45:00.000Z,Waterhoogte in Oppervlaktewater t.o.v. Normaal Amsterdams Peil in cm,8000,NVT,SB,NVT,,OW,cm,WATHTE,NAP,10258,NVT,NVT,NVT,GETETM2,NVT,other:F009,NVT,0,Rijkswateren,Waddenzee,Omgevingswet,https://wetten.overheid.nl/BWBR0037885/2024-01-01/0,2025-04-01T00:00:00+02:00,2025-04-01T00:00:00+02:00,NNN-Rijksw,54,,,
905417,POINT (156480.00531856908 576549.9896817596),5305191,"Harlingen, Waddenzee",harlingen.waddenzee,"Harlingen, Waddenzee",Ongecontroleerd,-999999999,NVT,RIKZMON_WAT,00,55.0,1899-12-31T19:55:00.000Z,Waterhoogte in Oppervlaktewater t.o.v. Normaal Amsterdams Peil in cm,8000,NVT,SB,NVT,,OW,cm,WATHTE,NAP,10272,NVT,NVT,NVT,GETETM2,NVT,other:F009,NVT,0,Rijkswateren,Waddenzee,Omgevingswet,https://wetten.overheid.nl/BWBR0037885/2024-01-01/0,2025-04-01T00:00:00+02:00,2025-04-01T00:00:00+02:00,NNN-Rijksw,54,,,
905425,POINT (132030.02871991743 549440.044526853),5305229,"Den Oever, Waddenzee voorhaven",denoever.waddenzee.voorhaven,"Den Oever, Waddenzee voorhaven",Definitief,-999999999,NVT,RIKZMON_WAT,00,17.0,1980-12-31T21:05:00.000Z,Waterhoogte in Oppervlaktewater t.o.v. Normaal Amsterdams Peil in cm,8000,NVT,SB,NVT,,OW,cm,WATHTE,NAP,10256,NVT,NVT,NVT,GETETM2,NVT,other:F009,NVT,0,Rijkswateren,Waddenzee,Omgevingswet,https://wetten.overheid.nl/BWBR0037885/2024-01-01/0,2025-04-01T00:00:00+02:00,2025-04-01T00:00:00+02:00,NNN-Rijksw,54,,,
905431,POINT (187653.02050237145 601148.0146580162),5305248,"Holwerd, Veersteiger",holwerd.veersteiger,zie kaart HAVKT.ZIP in DONAR,Definitief,-999999999,NVT,RIKZMON_WAT,00,121.0,1980-12-31T17:54:00.000Z,Waterhoogte in Oppervlaktewater t.o.v. Normaal Amsterdams Peil in cm,8000,NVT,SB,NVT,,OW,cm,WATHTE,NAP,10257,NVT,NVT,NVT,GETETM2,NVT,other:F009,NVT,0,Rijkswateren,Waddenzee,Omgevingswet,https://wetten.overheid.nl/BWBR0037885/2024-01-01/0,2025-04-01T00:00:00+02:00,2025-04-01T00:00:00+02:00,NNN-Rijksw,54,,,
905487,POINT (151484.81579166203 565306.1851964414),5305631,Kornwerderzand Waddenzee buitenhaven,kornwerderzand.waddenzee.buitenhaven,Kornwerderzand Waddenzee buitenhaven,Definitief,-999999999,NVT,RIKZMON_WAT,00,-100.0,1988-12-31T20:55:00.000Z,Waterhoogte in Oppervlaktewater t.o.v. Normaal Amsterdams Peil in cm,8000,NVT,SB,NVT,,OW,cm,WATHTE,NAP,10258,NVT,NVT,NVT,GETETM2,NVT,other:F009,NVT,0,Rijkswateren,Waddenzee,Omgevingswet,https://wetten.overheid.nl/BWBR0037885/2024-01-01/0,2025-04-01T00:00:00+02:00,2025-04-01T00:00:00+02:00,NNN-Rijksw,54,,,
905539,POINT (187653.02050237145 601148.0146580162),5305912,"Holwerd, Veersteiger",holwerd.veersteiger,zie kaart HAVKT.ZIP in DONAR,Definitief,-999999999,NVT,RIKZMON_WAT,00,-170.0,1989-12-31T18:45:00.000Z,Waterhoogte in Oppervlaktewater t.o.v. Normaal Amsterdams Peil in cm,8000,NVT,SB,NVT,,OW,cm,WATHTE,NAP,10258,NVT,NVT,NVT,GETETM2,NVT,other:F009,NVT,0,Rijkswateren,Waddenzee,Omgevingswet,https://wetten.overheid.nl/BWBR0037885/2024-01-01/0,2025-04-01T00:00:00+02:00,2025-04-01T00:00:00+02:00,NNN-Rijksw,54,,,
905553,POINT (151484.81579166203 565306.1851964414),5306073,Kornwerderzand Waddenzee buitenhaven,kornwerderzand.waddenzee.buitenhaven,Kornwerderzand Waddenzee buitenhaven,Definitief,-999999999,NVT,RIKZMON_WAT,00,23.0,1980-12-31T22:33:00.000Z,Waterhoogte in Oppervlaktewater t.o.v. Normaal Amsterdams Peil in cm,8000,NVT,SB,NVT,,OW,cm,WATHTE,NAP,10257,NVT,NVT,NVT,GETETM2,NVT,other:F009,NVT,0,Rijkswateren,Waddenzee,Omgevingswet,https://wetten.overheid.nl/BWBR0037885/2024-01-01/0,2025-04-01T00:00:00+02:00,2025-04-01T00:00:00+02:00,NNN-Rijksw,54,,,
905580,POINT (132030.02871991743 549440.044526853),5306228,"Den Oever, Waddenzee voorhaven",denoever.waddenzee.voorhaven,"Den Oever, Waddenzee voorhaven",Gecontroleerd,-999999999,NVT,RIKZMON_WAT,00,60.0,2024-12-31T21:04:00.000Z,Waterhoogte in Oppervlaktewater t.o.v. Normaal Amsterdams Peil in cm,8000,NVT,SB,NVT,,OW,cm,WATHTE,NAP,10042,NVT,NVT,NVT,GETETM2,NVT,other:F010,NVT,0,Rijkswateren,Waddenzee,Omgevingswet,https://wetten.overheid.nl/BWBR0037885/2024-01-01/0,2025-04-01T00:00:00+02:00,2025-04-01T00:00:00+02:00,NNN-Rijksw,54,,,
905598,POINT (250749.99653686117 607900.0272354316),5306320,"Eemshaven, haven",eemshaven.haven,"Eemshaven, haven",Definitief,-999999999,NVT,RIKZMON_WAT,00,-139.0,1988-12-31T22:15:00.000Z,Waterhoogte in Oppervlaktewater t.o.v. Normaal Amsterdams Peil in cm,8000,NVT,SB,NVT,,OW,cm,WATHTE,NAP,10258,NVT,NVT,NVT,GETETM2,NVT,other:F009,NVT,0,Rijkswateren,Waddenzee,Omgevingswet,https://wetten.overheid.nl/BWBR0037885/2024-01-01/0,2025-04-01T00:00:00+02:00,2025-04-01T00:00:00+02:00,NNN-Rijksw,54,,,
905650,POINT (156480.00531856908 576549.9896817596),5306636,"Harlingen, Waddenzee",harlingen.waddenzee,"Harlingen, Waddenzee",Definitief,-999999999,NVT,RIKZMON_WAT,00,198.0,1986-12-31T21:15:00.000Z,Waterhoogte in Oppervlaktewater t.o.v. Normaal Amsterdams Peil in cm,8000,NVT,SB,NVT,,OW,cm,WATHTE,NAP,10258,NVT,NVT,NVT,GETETM2,NVT,other:F009,NVT,0,Rijkswateren,Waddenzee,Omgevingswet,https://wetten.overheid.nl/BWBR0037885/2024-01-01/0,2025-04-01T00:00:00+02:00,2025-04-01T00:00:00+02:00,NNN-Rijksw,54,,,
905660,POINT (151484.81579166203 565306.1851964414),5306668,Kornwerderzand Waddenzee buitenhaven,kornwerderzand.waddenzee.buitenhaven,Kornwerderzand Waddenzee buitenhaven,Gecontroleerd,-999999999,NVT,RIKZMON_WAT,00,88.0,2024-12-31T21:29:00.000Z,Waterhoogte in Oppervlaktewater t.o.v. Normaal Amsterdams Peil in cm,8000,NVT,SB,NVT,,OW,cm,WATHTE,NAP,10042,NVT,NVT,NVT,GETETM2,NVT,other:F010,NVT,0,Rijkswateren,Waddenzee,Omgevingswet,https://wetten.overheid.nl/BWBR0037885/2024-01-01/0,2025-04-01T00:00:00+02:00,2025-04-01T00:00:00+02:00,NNN-Rijksw,54,,,
905754,POINT (156480.00531856908 576549.9896817596),5307209,"Harlingen, Waddenzee",harlingen.waddenzee,"Harlingen, Waddenzee",Gecontroleerd,-999999999,NVT,RIKZMON_WAT,00,103.0,2024-12-31T21:59:00.000Z,Waterhoogte in Oppervlaktewater t.o.v. Normaal Amsterdams Peil in cm,8000,NVT,SB,NVT,,OW,cm,WATHTE,NAP,10042,NVT,NVT,NVT,GETETM2,NVT,other:F010,NVT,0,Rijkswateren,Waddenzee,Omgevingswet,https://wetten.overheid.nl/BWBR0037885/2024-01-01/0,2025-04-01T00:00:00+02:00,2025-04-01T00:00:00+02:00,NNN-Rijksw,54,,,
905772,POINT (111849.98711498224 553229.9992972258),5307342,"Den Helder, Marsdiep",denhelder.marsdiep,"Den Helder, Marsdiep",Definitief,-999999999,NVT,RIKZMON_WAT,00,138.0,1986-12-31T19:26:00.000Z,Waterhoogte in Oppervlaktewater t.o.v. Normaal Amsterdams Peil in cm,8000,NVT,SB,NVT,,OW,cm,WATHTE,NAP,10258,NVT,NVT,NVT,GETETM2,NVT,other:F009,NVT,0,Rijkswateren,Waddenzee,Omgevingswet,https://wetten.overheid.nl/BWBR0037885/2024-01-01/0,2025-04-01T00:00:00+02:00,2025-04-01T00:00:00+02:00,NNN-Rijksw,54,,,
905790,POINT (156480.00531856908 576549.9896817596),5307509,"Harlingen, Waddenzee",harlingen.waddenzee,"Harlingen, Waddenzee",Definitief,-999999999,NVT,RIKZMON_WAT,00,33.0,1980-12-31T23:02:00.000Z,Waterhoogte in Oppervlaktewater t.o.v. Normaal Amsterdams Peil in cm,8000,NVT,SB,NVT,,OW,cm,WATHTE,NAP,10256,NVT,NVT,NVT,GETETM2,NVT,other:F009,NVT,0,Rijkswateren,Waddenzee,Omgevingswet,https://wetten.overheid.nl/BWBR0037885/2024-01-01/0,2025-04-01T00:00:00+02:00,2025-04-01T00:00:00+02:00,NNN-Rijksw,54,,,
905818,POINT (241940.01244903528 613014.9935984703),5307639,Oude Westereems,oudewestereems,Oude Westereems,Ongecontroleerd,-999999999,NVT,RIKZMON_WAT,00,94.0,1983-12-16T07:20:00.000Z,Waterhoogte in Oppervlaktewater t.o.v. Normaal Amsterdams Peil in cm,8000,NVT,SB,NVT,,OW,cm,WATHTE,NAP,10272,NVT,NVT,NVT,GETETM2,NVT,other:F009,NVT,0,Rijkswateren,Waddenzee,Omgevingswet,https://wetten.overheid.nl/BWBR0037885/2024-01-01/0,2025-04-01T00:00:00+02:00,2025-04-01T00:00:00+02:00,NNN-Rijksw,54,,,
905834,POINT (143870.00713424713 597419.9822211565),5307721,"Terschelling, west",terschelling.west,"Terschelling, west",Gecontroleerd,-999999999,NVT,RIKZMON_WAT,00,94.0,2024-12-31T21:45:00.000Z,Waterhoogte in Oppervlaktewater t.o.v. Normaal Amsterdams Peil in cm,8000,NVT,SB,NVT,,OW,cm,WATHTE,NAP,10042,NVT,NVT,NVT,GETETM2,NVT,other:F010,NVT,0,Rijkswateren,Waddenzee,Omgevingswet,https://wetten.overheid.nl/BWBR0037885/2024-01-01/0,2025-04-01T00:00:00+02:00,2025-04-01T00:00:00+02:00,NNN-Rijksw,54,,,
905860,POINT (187653.02050237145 601148.0146580162),5307825,"Holwerd, Veersteiger",holwerd.veersteiger,zie kaart HAVKT.ZIP in DONAR,Definitief,-999999999,NVT,RIKZMON_WAT,00,101.0,1998-12-31T20:41:00.000Z,Waterhoogte in Oppervlaktewater t.o.v. Normaal Amsterdams Peil in cm,8000,NVT,SB,NVT,,OW,cm,WATHTE,NAP,10042,NVT,NVT,NVT,GETETM2,NVT,other:F010,NVT,0,Rijkswateren,Waddenzee,Omgevingswet,https://wetten.overheid.nl/BWBR0037885/2024-01-01/0,2025-04-01T00:00:00+02:00,2025-04-01T00:00:00+02:00,NNN-Rijksw,54,,,
905891,POINT (111849.98711498224 553229.9992972258),5308050,"Den Helder, Marsdiep",denhelder.marsdiep,"Den Helder, Marsdiep",Definitief,-999999999,NVT,RIKZMON_WAT,00,113.0,1975-12-31T19:45:00.000Z,Waterhoogte in Oppervlaktewater t.o.v. Normaal Amsterdams Peil in cm,8000,NVT,SB,NVT,,OW,cm,WATHTE,NAP,10025,NVT,NVT,NVT,GETETM2,NVT,other:F009,NVT,0,Rijkswateren,Waddenzee,Omgevingswet,https://wetten.overheid.nl/BWBR0037885/2024-01-01/0,2025-04-01T00:00:00+02:00,2025-04-01T00:00:00+02:00,NNN-Rijksw,54,,,
905899,POINT (199342.0219217618 608781.0324986115),5308104,"Engelsmanplaat, noord",engelsmanplaat.noord,"Engelsmanplaat, noord",Ongecontroleerd,-999999999,NVT,RIKZMON_WAT,00,-163.0,1987-12-24T06:22:00.000Z,Waterhoogte in Oppervlaktewater t.o.v. Normaal Amsterdams Peil in cm,8000,NVT,SB,NVT,,OW,cm,WATHTE,NAP,10272,NVT,NVT,NVT,GETETM2,NVT,other:F009,NVT,0,Rijkswateren,Waddenzee,Omgevingswet,https://wetten.overheid.nl/BWBR0037885/2024-01-01/0,2025-04-01T00:00:00+02:00,2025-04-01T00:00:00+02:00,NNN-Rijksw,54,,,
905950,POINT (187653.02050237145 601148.0146580162),5308439,"Holwerd, Veersteiger",holwerd.veersteiger,zie kaart HAVKT.ZIP in DONAR,Ongecontroleerd,-999999999,NVT,RIKZMON_WAT,00,-13.0,2025-01-01T18:09:00.000Z,Waterhoogte in Oppervlaktewater t.o.v. Normaal Amsterdams Peil in cm,8000,NVT,SB,NVT,,OW,cm,WATHTE,NAP,10220,NVT,NVT,NVT,GETETM2,NVT,other:F010,NVT,0,Rijkswateren,Waddenzee,Omgevingswet,https://wetten.overheid.nl/BWBR0037885/2024-01-01/0,2025-04-01T00:00:00+02:00,2025-04-01T00:00:00+02:00,NNN-Rijksw,54,,,
906011,POINT (143870.00713424713 597419.9822211565),5308799,"Terschelling, west",terschelling.west,"Terschelling, west",Definitief,-999999999,NVT,RIKZMON_WAT,00,137.0,1979-12-31T19:49:00.000Z,Waterhoogte in Oppervlaktewater t.o.v. Normaal Amsterdams Peil in cm,8000,NVT,SB,NVT,,OW,cm,WATHTE,NAP,10177,NVT,NVT,NVT,GETETM2,NVT,other:F009,NVT,0,Rijkswateren,Waddenzee,Omgevingswet,https://wetten.overheid.nl/BWBR0037885/2024-01-01/0,2025-04-01T00:00:00+02:00,2025-04-01T00:00:00+02:00,NNN-Rijksw,54,,,
906021,POINT (187653.02050237145 601148.0146580162),5308904,"Holwerd, Veersteiger",holwerd.veersteiger,zie kaart HAVKT.ZIP in DONAR,Gecontroleerd,-999999999,NVT,RIKZMON_WAT,00,125.0,2024-01-01T01:15:00.000Z,Waterhoogte in Oppervlaktewater t.o.v. Normaal Amsterdams Peil in cm,8000,NVT,SB,NVT,,OW,cm,WATHTE,NAP,10220,NVT,NVT,NVT,GETETM2,NVT,other:F010,NVT,0,Rijkswateren,Waddenzee,Omgevingswet,https://wetten.overheid.nl/BWBR0037885/2024-01-01/0,2025-04-01T00:00:00+02:00,2025-04-01T00:00:00+02:00,NNN-Rijksw,54,,,
906106,POINT (250749.99653686117 607900.0272354316),5309444,"Eemshaven, haven",eemshaven.haven,"Eemshaven, haven",Gecontroleerd,-999999999,NVT,RIKZMON_WAT,00,157.0,2024-09-11T04:36:00.000Z,Waterhoogte in Oppervlaktewater t.o.v. Normaal Amsterdams Peil in cm,8000,NVT,SB,NVT,,OW,cm,WATHTE,NAP,10042,NVT,NVT,NVT,GETETM2,NVT,other:F010,NVT,0,Rijkswateren,Waddenzee,Omgevingswet,https://wetten.overheid.nl/BWBR0037885/2024-01-01/0,2025-04-01T00:00:00+02:00,2025-04-01T00:00:00+02:00,NNN-Rijksw,54,,,
906150,POINT (111849.98711498224 553229.9992972258),5309732,"Den Helder, Marsdiep",denhelder.marsdiep,"Den Helder, Marsdiep",Ongecontroleerd,-999999999,NVT,RIKZMON_WAT,00,23.0,1816-05-22T15:37:30.000Z,Waterhoogte in Oppervlaktewater t.o.v. Normaal Amsterdams Peil in cm,8000,NVT,SB,NVT,,OW,cm,WATHTE,NAP,124,NVT,NVT,NVT,GETETM2,NVT,other:F029,NVT,0,Rijkswateren,Waddenzee,Omgevingswet,https://wetten.overheid.nl/BWBR0037885/2024-01-01/0,2025-04-01T00:00:00+02:00,2025-04-01T00:00:00+02:00,NNN-Rijksw,54,,,
906182,POINT (209170.01738969103 609499.9463397942),5309909,"Schiermonnikoog, Waddenzee",schiermonnikoog.waddenzee,"Schiermonnikoog, Waddenzee",Gecontroleerd,-999999999,NVT,RIKZMON_WAT,00,95.0,2024-12-31T23:05:00.000Z,Waterhoogte in Oppervlaktewater t.o.v. Normaal Amsterdams Peil in cm,8000,NVT,SB,NVT,,OW,cm,WATHTE,NAP,10042,NVT,NVT,NVT,GETETM2,NVT,other:F010,NVT,0,Rijkswateren,Waddenzee,Omgevingswet,https://wetten.overheid.nl/BWBR0037885/2024-01-01/0,2025-04-01T00:00:00+02:00,2025-04-01T00:00:00+02:00,NNN-Rijksw,54,,,
906344,POINT (179743.03006612838 604896.9891156603),5311026,"Ameland, Nes",ameland.nes,"Ameland, Nes",Definitief,-999999999,NVT,RIKZMON_WAT,00,160.0,1979-12-31T20:21:00.000Z,Waterhoogte in Oppervlaktewater t.o.v. Normaal Amsterdams Peil in cm,8000,NVT,SB,NVT,,OW,cm,WATHTE,NAP,10169,NVT,NVT,NVT,GETETM2,NVT,other:F009,NVT,0,Rijkswateren,Waddenzee,Omgevingswet,https://wetten.overheid.nl/BWBR0037885/2024-01-01/0,2025-04-01T00:00:00+02:00,2025-04-01T00:00:00+02:00,NNN-Rijksw,54,,,
906360,POINT (209170.01738969103 609499.9463397942),5311121,"Schiermonnikoog, Waddenzee",schiermonnikoog.waddenzee,"Schiermonnikoog, Waddenzee",Definitief,-999999999,NVT,RIKZMON_WAT,00,164.0,1979-12-31T20:29:00.000Z,Waterhoogte in Oppervlaktewater t.o.v. Normaal Amsterdams Peil in cm,8000,NVT,SB,NVT,,OW,cm,WATHTE,NAP,10257,NVT,NVT,NVT,GETETM2,NVT,other:F009,NVT,0,Rijkswateren,Waddenzee,Omgevingswet,https://wetten.overheid.nl/BWBR0037885/2024-01-01/0,2025-04-01T00:00:00+02:00,2025-04-01T00:00:00+02:00,NNN-Rijksw,54,,,
906393,POINT (179743.03006612838 604896.9891156603),5311355,"Ameland, Nes",ameland.nes,"Ameland, Nes",Definitief,-999999999,NVT,RIKZMON_WAT,00,73.0,1987-12-31T19:40:00.000Z,Waterhoogte in Oppervlaktewater t.o.v. Normaal Amsterdams Peil in cm,8000,NVT,SB,NVT,,OW,cm,WATHTE,NAP,10258,NVT,NVT,NVT,GETETM2,NVT,other:F009,NVT,0,Rijkswateren,Waddenzee,Omgevingswet,https://wetten.overheid.nl/BWBR0037885/2024-01-01/0,2025-04-01T00:00:00+02:00,2025-04-01T00:00:00+02:00,NNN-Rijksw,54,,,
906431,POINT (111849.98711498224 553229.9992972258),5311633,"Den Helder, Marsdiep",denhelder.marsdiep,"Den Helder, Marsdiep",Ongecontroleerd,-999999999,NVT,RIKZMON_WAT,00,43.0,1954-12-31T23:10:00.000Z,Waterhoogte in Oppervlaktewater t.o.v. Normaal Amsterdams Peil in cm,8000,NVT,SB,NVT,,OW,cm,WATHTE,NAP,10272,NVT,NVT,NVT,GETETM2,NVT,other:F009,NVT,0,Rijkswateren,Waddenzee,Omgevingswet,https://wetten.overheid.nl/BWBR0037885/2024-01-01/0,2025-04-01T00:00:00+02:00,2025-04-01T00:00:00+02:00,NNN-Rijksw,54,,,
906458,POINT (209170.01738969103 609499.9463397942),5311775,"Schiermonnikoog, Waddenzee",schiermonnikoog.waddenzee,"Schiermonnikoog, Waddenzee",Definitief,-999999999,NVT,RIKZMON_WAT,00,102.0,1989-12-31T23:50:00.000Z,Waterhoogte in Oppervlaktewater t.o.v. Normaal Amsterdams Peil in cm,8000,NVT,SB,NVT,,OW,cm,WATHTE,NAP,10258,NVT,NVT,NVT,GETETM2,NVT,other:F009,NVT,0,Rijkswateren,Waddenzee,Omgevingswet,https://wetten.overheid.nl/BWBR0037885/2024-01-01/0,2025-04-01T00:00:00+02:00,2025-04-01T00:00:00+02:00,NNN-Rijksw,54,,,
906528,POINT (132030.02871991743 549440.044526853),5312357,"Den Oever, Waddenzee voorhaven",denoever.waddenzee.voorhaven,"Den Oever, Waddenzee voorhaven",Ongecontroleerd,-999999999,NVT,RIKZMON_WAT,00,-9.0,1919-10-16T07:00:00.000Z,Waterhoogte in Oppervlaktewater t.o.v. Normaal Amsterdams Peil in cm,8000,NVT,SB,NVT,,OW,cm,WATHTE,NAP,124,NVT,NVT,NVT,GETETM2,NVT,other:F029,NVT,0,Rijkswateren,Waddenzee,Omgevingswet,https://wetten.overheid.nl/BWBR0037885/2024-01-01/0,2025-04-01T00:00:00+02:00,2025-04-01T00:00:00+02:00,NNN-Rijksw,54,,,
906538,POINT (179743.03006612838 604896.9891156603),5312420,"Ameland, Nes",ameland.nes,"Ameland, Nes",Definitief,-999999999,NVT,RIKZMON_WAT,00,100.0,1978-12-31T23:10:00.000Z,Waterhoogte in Oppervlaktewater t.o.v. Normaal Amsterdams Peil in cm,8000,NVT,SB,NVT,,OW,cm,WATHTE,NAP,10257,NVT,NVT,NVT,GETETM2,NVT,other:F009,NVT,0,Rijkswateren,Waddenzee,Omgevingswet,https://wetten.overheid.nl/BWBR0037885/2024-01-01/0,2025-04-01T00:00:00+02:00,2025-04-01T00:00:00+02:00,NNN-Rijksw,54,,,
906594,POINT (143870.00713424713 597419.9822211565),5312705,"Terschelling, west",terschelling.west,"Terschelling, west",Definitief,-999999999,NVT,RIKZMON_WAT,00,-102.0,1988-12-31T20:25:00.000Z,Waterhoogte in Oppervlaktewater t.o.v. Normaal Amsterdams Peil in cm,8000,NVT,SB,NVT,,OW,cm,WATHTE,NAP,10258,NVT,NVT,NVT,GETETM2,NVT,other:F009,NVT,0,Rijkswateren,Waddenzee,Omgevingswet,https://wetten.overheid.nl/BWBR0037885/2024-01-01/0,2025-04-01T00:00:00+02:00,2025-04-01T00:00:00+02:00,NNN-Rijksw,54,,,
908855,POINT (224799.99813235243 614400.0549390113),5754362,Spruit,spruit,Spruit,Ongecontroleerd,-999999999,NVT,NNXXREG_WAT,00,119.0,1997-11-02T23:50:00.000Z,Waterhoogte in Oppervlaktewater t.o.v. Normaal Amsterdams Peil in cm,8000,NVT,SB,NVT,,OW,cm,WATHTE,NAP,10042,NVT,NVT,NVT,,NVT,other:F007,NVT,0,Rijkswateren,Waddenzee,Omgevingswet,https://wetten.overheid.nl/BWBR0037885/2024-01-01/0,2025-04-01T00:00:00+02:00,2025-04-01T00:00:00+02:00,NNN-Rijksw,54,,,
908925,POINT (114070.00310026364 553090.0084458377),5754605,"Den Helder, veersteiger",denhelder.veersteiger,"Den Helder, veersteiger",Ongecontroleerd,-999999999,NVT,RIKZMON_WAT,25,-249.0,2025-11-27T00:50:00.000Z,Waterhoogte in Oppervlaktewater t.o.v. Normaal Amsterdams Peil in cm,8000,NVT,SB,NVT,,OW,cm,WATHTE,NAP,155,NVT,NVT,NVT,,NVT,other:F007,NVT,0,Rijkswateren,Waddenzee,Omgevingswet,https://wetten.overheid.nl/BWBR0037885/2024-01-01/0,2025-04-01T00:00:00+02:00,2025-04-01T00:00:00+02:00,NNN-Rijksw,54,,,
909010,POINT (139763.0146743396 558106.9847916462),5754887,Breezanddijk,breezanddijk,Breezanddijk,Ongecontroleerd,-999999999,NVT,NNXXREG_WAT,00,62.0,1997-10-15T12:50:00.000Z,Waterhoogte in Oppervlaktewater t.o.v. Normaal Amsterdams Peil in cm,8000,NVT,SB,NVT,,OW,cm,WATHTE,NAP,10042,NVT,NVT,NVT,,NVT,other:F007,NVT,0,Rijkswateren,Waddenzee,Omgevingswet,https://wetten.overheid.nl/BWBR0037885/2024-01-01/0,2025-04-01T00:00:00+02:00,2025-04-01T00:00:00+02:00,NNN-Rijksw,54,,,
909110,POINT (151484.81579166203 565306.1851964414),5755215,Kornwerderzand Waddenzee buitenhaven,kornwerderzand.waddenzee.buitenhaven,Kornwerderzand Waddenzee buitenhaven,Ongecontroleerd,-999999999,NVT,RIKZMON_WAT,00,99.0,1970-12-31T23:00:00.000Z,Waterhoogte in Oppervlaktewater t.o.v. Normaal Amsterdams Peil in cm,8000,NVT,SB,NVT,,OW,cm,WATHTE,NAP,10257,NVT,NVT,NVT,,NVT,other:F009,NVT,0,Rijkswateren,Waddenzee,Omgevingswet,https://wetten.overheid.nl/BWBR0037885/2024-01-01/0,2025-04-01T00:00:00+02:00,2025-04-01T00:00:00+02:00,NNN-Rijksw,54,,,
909115,POINT (143870.00713424713 597419.9822211565),5755234,"Terschelling, west",terschelling.west,"Terschelling, west",Ongecontroleerd,-999999999,NVT,RIKZMON_WAT,00,9.0,1960-12-31T23:40:00.000Z,Waterhoogte in Oppervlaktewater t.o.v. Normaal Amsterdams Peil in cm,8000,NVT,SB,NVT,,OW,cm,WATHTE,NAP,10272,NVT,NVT,NVT,,NVT,other:F009,NVT,0,Rijkswateren,Waddenzee,Omgevingswet,https://wetten.overheid.nl/BWBR0037885/2024-01-01/0,2025-04-01T00:00:00+02:00,2025-04-01T00:00:00+02:00,NNN-Rijksw,54,,,
909165,POINT (111849.98711498224 553229.9992972258),5755405,"Den Helder, Marsdiep",denhelder.marsdiep,"Den Helder, Marsdiep",Ongecontroleerd,-999999999,NVT,RIKZMON_WAT,00,60.0,1970-12-31T23:00:00.000Z,Waterhoogte in Oppervlaktewater t.o.v. Normaal Amsterdams Peil in cm,8000,NVT,SB,NVT,,OW,cm,WATHTE,NAP,10025,NVT,NVT,NVT,,NVT,other:F009,NVT,0,Rijkswateren,Waddenzee,Omgevingswet,https://wetten.overheid.nl/BWBR0037885/2024-01-01/0,2025-04-01T00:00:00+02:00,2025-04-01T00:00:00+02:00,NNN-Rijksw,54,,,
909397,POINT (151790.97503928177 597886.0505610477),5756196,Oosterom,oosterom,Oosterom,Ongecontroleerd,-999999999,NVT,NNXXREG_WAT,00,-61.0,1998-12-04T23:50:00.000Z,Waterhoogte in Oppervlaktewater t.o.v. Normaal Amsterdams Peil in cm,8000,NVT,SB,NVT,,OW,cm,WATHTE,NAP,10042,NVT,NVT,NVT,,NVT,other:F007,NVT,0,Rijkswateren,Waddenzee,Omgevingswet,https://wetten.overheid.nl/BWBR0037885/2024-01-01/0,2025-04-01T00:00:00+02:00,2025-04-01T00:00:00+02:00,NNN-Rijksw,54,,,
909453,POINT (239571.01986066444 616054.9681653657),5756385,Horsbornzand,horsbornzand,Horsbornzand,Ongecontroleerd,-999999999,NVT,NNXXREG_WAT,00,102.0,1999-09-13T00:50:00.000Z,Waterhoogte in Oppervlaktewater t.o.v. Normaal Amsterdams Peil in cm,8000,NVT,SB,NVT,,OW,cm,WATHTE,NAP,10042,NVT,NVT,NVT,,NVT,other:F007,NVT,0,Rijkswateren,Waddenzee,Omgevingswet,https://wetten.overheid.nl/BWBR0037885/2024-01-01/0,2025-04-01T00:00:00+02:00,2025-04-01T00:00:00+02:00,NNN-Rijksw,54,,,
909525,POINT (151484.81579166203 565306.1851964414),5756635,Kornwerderzand Waddenzee buitenhaven,kornwerderzand.waddenzee.buitenhaven,Kornwerderzand Waddenzee buitenhaven,Ongecontroleerd,-999999999,NVT,RIKZMON_WAT,00,21.0,1960-12-31T23:40:00.000Z,Waterhoogte in Oppervlaktewater t.o.v. Normaal Amsterdams Peil in cm,8000,NVT,SB,NVT,,OW,cm,WATHTE,NAP,10257,NVT,NVT,NVT,,NVT,other:F009,NVT,0,Rijkswateren,Waddenzee,Omgevingswet,https://wetten.overheid.nl/BWBR0037885/2024-01-01/0,2025-04-01T00:00:00+02:00,2025-04-01T00:00:00+02:00,NNN-Rijksw,54,,,
909541,POINT (147700.01683997 581999.9975049143),5756689,"Blauwe Slenk, oost",blauweslenk.oost,"Blauwe Slenk, oost",Ongecontroleerd,-999999999,NVT,NNXXREG_WAT,00,595.0,1998-12-08T23:50:00.000Z,Waterhoogte in Oppervlaktewater t.o.v. Normaal Amsterdams Peil in cm,8000,NVT,SB,NVT,,OW,cm,WATHTE,NAP,10042,NVT,NVT,NVT,,NVT,other:F007,NVT,0,Rijkswateren,Waddenzee,Omgevingswet,https://wetten.overheid.nl/BWBR0037885/2024-01-01/0,2025-04-01T00:00:00+02:00,2025-04-01T00:00:00+02:00,NNN-Rijksw,54,,,
909555,POINT (151790.97503928177 597886.0505610477),5756736,Oosterom,oosterom,Oosterom,Ongecontroleerd,-999999999,NVT,NNXXREG_WAT,00,47.0,1996-08-15T00:50:00.000Z,Waterhoogte in Oppervlaktewater t.o.v. Normaal Amsterdams Peil in cm,8000,NVT,SB,NVT,,OW,cm,WATHTE,NAP,10042,NVT,NVT,NVT,,NVT,other:F007,NVT,0,Rijkswateren,Waddenzee,Omgevingswet,https://wetten.overheid.nl/BWBR0037885/2024-01-01/0,2025-04-01T00:00:00+02:00,2025-04-01T00:00:00+02:00,NNN-Rijksw,54,,,
909679,POINT (156569.9785860566 591649.9680474056),5757154,Oost Meep,oostmeep,Oost Meep,Ongecontroleerd,-999999999,NVT,NNXXREG_WAT,00,30.0,1995-11-08T07:50:00.000Z,Waterhoogte in Oppervlaktewater t.o.v. Normaal Amsterdams Peil in cm,8000,NVT,SB,NVT,,OW,cm,WATHTE,NAP,10042,NVT,NVT,NVT,,NVT,other:F007,NVT,0,Rijkswateren,Waddenzee,Omgevingswet,https://wetten.overheid.nl/BWBR0037885/2024-01-01/0,2025-04-01T00:00:00+02:00,2025-04-01T00:00:00+02:00,NNN-Rijksw,54,,,
909698,POINT (156480.00531856908 576549.9896817596),5757214,"Harlingen, Waddenzee",harlingen.waddenzee,"Harlingen, Waddenzee",Ongecontroleerd,-999999999,NVT,RIKZMON_WAT,00,101.0,1970-12-31T23:00:00.000Z,Waterhoogte in Oppervlaktewater t.o.v. Normaal Amsterdams Peil in cm,8000,NVT,SB,NVT,,OW,cm,WATHTE,NAP,10256,NVT,NVT,NVT,,NVT,other:F009,NVT,0,Rijkswateren,Waddenzee,Omgevingswet,https://wetten.overheid.nl/BWBR0037885/2024-01-01/0,2025-04-01T00:00:00+02:00,2025-04-01T00:00:00+02:00,NNN-Rijksw,54,,,
909761,POINT (193049.9990028506 606799.9731522102),5757451,Holwerderbalg,holwerderbalg,Holwerderbalg,Ongecontroleerd,-999999999,NVT,NNXXREG_WAT,00,24.0,1999-11-17T23:50:00.000Z,Waterhoogte in Oppervlaktewater t.o.v. Normaal Amsterdams Peil in cm,8000,NVT,SB,NVT,,OW,cm,WATHTE,NAP,10042,NVT,NVT,NVT,,NVT,other:F007,NVT,0,Rijkswateren,Waddenzee,Omgevingswet,https://wetten.overheid.nl/BWBR0037885/2024-01-01/0,2025-04-01T00:00:00+02:00,2025-04-01T00:00:00+02:00,NNN-Rijksw,54,,,
909772,POINT (193825.98005279317 607855.0308471824),5757489,"Ameland, oost",ameland.oost,"Ameland, oost",Ongecontroleerd,-999999999,NVT,NNXXREG_WAT,00,767.0,1994-10-19T23:50:00.000Z,Waterhoogte in Oppervlaktewater t.o.v. Normaal Amsterdams Peil in cm,8000,NVT,SB,NVT,,OW,cm,WATHTE,NAP,10042,NVT,NVT,NVT,,NVT,other:F007,NVT,0,Rijkswateren,Waddenzee,Omgevingswet,https://wetten.overheid.nl/BWBR0037885/2024-01-01/0,2025-04-01T00:00:00+02:00,2025-04-01T00:00:00+02:00,NNN-Rijksw,54,,,
909796,POINT (111849.98711498224 553229.9992972258),5757565,"Den Helder, Marsdiep",denhelder.marsdiep,"Den Helder, Marsdiep",Ongecontroleerd,-999999999,NVT,RIKZMON_WAT,00,-23.0,1975-03-13T23:00:00.000Z,Waterhoogte in Oppervlaktewater t.o.v. Normaal Amsterdams Peil in cm,8000,NVT,SB,NVT,,OW,cm,WATHTE,NAP,10272,NVT,NVT,NVT,,NVT,other:F009,NVT,0,Rijkswateren,Waddenzee,Omgevingswet,https://wetten.overheid.nl/BWBR0037885/2024-01-01/0,2025-04-01T00:00:00+02:00,2025-04-01T00:00:00+02:00,NNN-Rijksw,54,,,
909862,POINT (143870.00713424713 597419.9822211565),5757783,"Terschelling, west",terschelling.west,"Terschelling, west",Ongecontroleerd,-999999999,NVT,RIKZMON_WAT,00,56.0,1979-01-17T23:00:00.000Z,Waterhoogte in Oppervlaktewater t.o.v. Normaal Amsterdams Peil in cm,8000,NVT,SB,NVT,,OW,cm,WATHTE,NAP,10177,NVT,NVT,NVT,,NVT,other:F009,NVT,0,Rijkswateren,Waddenzee,Omgevingswet,https://wetten.overheid.nl/BWBR0037885/2024-01-01/0,2025-04-01T00:00:00+02:00,2025-04-01T00:00:00+02:00,NNN-Rijksw,54,,,
910021,POINT (162879.0263491952 589563.9921819731),5758324,Vingegat II,vingegatii,Vingegat II,Ongecontroleerd,-999999999,NVT,NNXXREG_WAT,00,496.0,1998-12-09T23:50:00.000Z,Waterhoogte in Oppervlaktewater t.o.v. Normaal Amsterdams Peil in cm,8000,NVT,SB,NVT,,OW,cm,WATHTE,NAP,10042,NVT,NVT,NVT,,NVT,other:F007,NVT,0,Rijkswateren,Waddenzee,Omgevingswet,https://wetten.overheid.nl/BWBR0037885/2024-01-01/0,2025-04-01T00:00:00+02:00,2025-04-01T00:00:00+02:00,NNN-Rijksw,54,,,
910046,POINT (146480.95249004939 592823.9435865843),5758403,Slenk zuid,slenkzuid,Slenk zuid,Gecontroleerd,-999999999,NVT,NHXXREG_WAT,00,64.0,2002-06-03T15:10:00.000Z,Waterhoogte in Oppervlaktewater t.o.v. Normaal Amsterdams Peil in cm,8000,NVT,SB,NVT,,OW,cm,WATHTE,NAP,10042,NVT,NVT,NVT,,NVT,other:F007,NVT,0,Rijkswateren,Waddenzee,Omgevingswet,https://wetten.overheid.nl/BWBR0037885/2024-01-01/0,2025-04-01T00:00:00+02:00,2025-04-01T00:00:00+02:00,NNN-Rijksw,54,,,
910161,POINT (146480.95249004939 592823.9435865843),5758789,Slenk zuid,slenkzuid,Slenk zuid,Ongecontroleerd,-999999999,NVT,NNXXREG_WAT,00,41.0,1996-11-28T13:50:00.000Z,Waterhoogte in Oppervlaktewater t.o.v. Normaal Amsterdams Peil in cm,8000,NVT,SB,NVT,,OW,cm,WATHTE,NAP,10042,NVT,NVT,NVT,,NVT,other:F007,NVT,0,Rijkswateren,Waddenzee,Omgevingswet,https://wetten.overheid.nl/BWBR0037885/2024-01-01/0,2025-04-01T00:00:00+02:00,2025-04-01T00:00:00+02:00,NNN-Rijksw,54,,,
910302,POINT (197187.9881062099 605126.9829781536),5759288,Smeriggat,smeriggat,Smeriggat,Ongecontroleerd,-999999999,NVT,NNXXREG_WAT,00,85.0,1994-10-19T23:50:00.000Z,Waterhoogte in Oppervlaktewater t.o.v. Normaal Amsterdams Peil in cm,8000,NVT,SB,NVT,,OW,cm,WATHTE,NAP,10042,NVT,NVT,NVT,,NVT,other:F007,NVT,0,Rijkswateren,Waddenzee,Omgevingswet,https://wetten.overheid.nl/BWBR0037885/2024-01-01/0,2025-04-01T00:00:00+02:00,2025-04-01T00:00:00+02:00,NNN-Rijksw,54,,,
910367,POINT (141758.01485041372 568564.0059316497),5759513,Omdraai,omdraai,Omdraai,Ongecontroleerd,-999999999,NVT,NNXXREG_WAT,00,-73.0,1996-10-08T00:50:00.000Z,Waterhoogte in Oppervlaktewater t.o.v. Normaal Amsterdams Peil in cm,8000,NVT,SB,NVT,,OW,cm,WATHTE,NAP,10042,NVT,NVT,NVT,,NVT,other:F007,NVT,0,Rijkswateren,Waddenzee,Omgevingswet,https://wetten.overheid.nl/BWBR0037885/2024-01-01/0,2025-04-01T00:00:00+02:00,2025-04-01T00:00:00+02:00,NNN-Rijksw,54,,,
910413,POINT (193049.9990028506 606799.9731522102),5759677,Holwerderbalg,holwerderbalg,Holwerderbalg,Ongecontroleerd,-999999999,NVT,NNXXREG_WAT,00,39.0,1998-11-03T23:50:00.000Z,Waterhoogte in Oppervlaktewater t.o.v. Normaal Amsterdams Peil in cm,8000,NVT,SB,NVT,,OW,cm,WATHTE,NAP,10042,NVT,NVT,NVT,,NVT,other:F007,NVT,0,Rijkswateren,Waddenzee,Omgevingswet,https://wetten.overheid.nl/BWBR0037885/2024-01-01/0,2025-04-01T00:00:00+02:00,2025-04-01T00:00:00+02:00,NNN-Rijksw,54,,,
910484,POINT (229598.0041537197 611663.0229063556),5759918,Boschwad,boschwad,Boschwad,Ongecontroleerd,-999999999,NVT,NNXXREG_WAT,00,125.0,1997-11-02T23:50:00.000Z,Waterhoogte in Oppervlaktewater t.o.v. Normaal Amsterdams Peil in cm,8000,NVT,SB,NVT,,OW,cm,WATHTE,NAP,10042,NVT,NVT,NVT,,NVT,other:F007,NVT,0,Rijkswateren,Waddenzee,Omgevingswet,https://wetten.overheid.nl/BWBR0037885/2024-01-01/0,2025-04-01T00:00:00+02:00,2025-04-01T00:00:00+02:00,NNN-Rijksw,54,,,
910636,POINT (173623.99899082724 602761.0035498189),5760433,Vrijheidsplaat,vrijheidsplaat,Vrijheidsplaat,Ongecontroleerd,-999999999,NVT,NNXXREG_WAT,00,105.0,1999-10-28T00:50:00.000Z,Waterhoogte in Oppervlaktewater t.o.v. Normaal Amsterdams Peil in cm,8000,NVT,SB,NVT,,OW,cm,WATHTE,NAP,10042,NVT,NVT,NVT,,NVT,other:F007,NVT,0,Rijkswateren,Waddenzee,Omgevingswet,https://wetten.overheid.nl/BWBR0037885/2024-01-01/0,2025-04-01T00:00:00+02:00,2025-04-01T00:00:00+02:00,NNN-Rijksw,54,,,
910778,POINT (170500.0002628765 592850.0463623883),5760930,Zwarte Haan,zwartehaan,Zwarte Haan,Ongecontroleerd,-999999999,NVT,NNXXREG_WAT,00,107.0,1999-09-13T00:50:00.000Z,Waterhoogte in Oppervlaktewater t.o.v. Normaal Amsterdams Peil in cm,8000,NVT,SB,NVT,,OW,cm,WATHTE,NAP,10042,NVT,NVT,NVT,,NVT,other:F007,NVT,0,Rijkswateren,Waddenzee,Omgevingswet,https://wetten.overheid.nl/BWBR0037885/2024-01-01/0,2025-04-01T00:00:00+02:00,2025-04-01T00:00:00+02:00,NNN-Rijksw,54,,,
910907,POINT (229829.01041306864 607575.9538269683),5761363,"Zuid Oost Lauwers, oost",zuidoostlauwers.oost,"Zuid Oost Lauwers, oost",Ongecontroleerd,-999999999,NVT,NNXXREG_WAT,00,-139.0,1994-12-15T23:50:00.000Z,Waterhoogte in Oppervlaktewater t.o.v. Normaal Amsterdams Peil in cm,8000,NVT,SB,NVT,,OW,cm,WATHTE,NAP,10042,NVT,NVT,NVT,,NVT,other:F007,NVT,0,Rijkswateren,Waddenzee,Omgevingswet,https://wetten.overheid.nl/BWBR0037885/2024-01-01/0,2025-04-01T00:00:00+02:00,2025-04-01T00:00:00+02:00,NNN-Rijksw,54,,,
911060,POINT (143870.00713424713 597419.9822211565),5761878,"Terschelling, west",terschelling.west,"Terschelling, west",Ongecontroleerd,-999999999,NVT,RIKZMON_WAT,00,90.0,1970-12-31T23:00:00.000Z,Waterhoogte in Oppervlaktewater t.o.v. Normaal Amsterdams Peil in cm,8000,NVT,SB,NVT,,OW,cm,WATHTE,NAP,10272,NVT,NVT,NVT,,NVT,other:F009,NVT,0,Rijkswateren,Waddenzee,Omgevingswet,https://wetten.overheid.nl/BWBR0037885/2024-01-01/0,2025-04-01T00:00:00+02:00,2025-04-01T00:00:00+02:00,NNN-Rijksw,54,,,
911084,POINT (239571.01986066444 616054.9681653657),5761961,Horsbornzand,horsbornzand,Horsbornzand,Ongecontroleerd,-999999999,NVT,NNXXREG_WAT,00,54.0,1996-11-24T23:50:00.000Z,Waterhoogte in Oppervlaktewater t.o.v. Normaal Amsterdams Peil in cm,8000,NVT,SB,NVT,,OW,cm,WATHTE,NAP,10042,NVT,NVT,NVT,,NVT,other:F007,NVT,0,Rijkswateren,Waddenzee,Omgevingswet,https://wetten.overheid.nl/BWBR0037885/2024-01-01/0,2025-04-01T00:00:00+02:00,2025-04-01T00:00:00+02:00,NNN-Rijksw,54,,,
911185,POINT (156569.9785860566 591649.9680474056),5762315,Oost Meep,oostmeep,Oost Meep,Ongecontroleerd,-999999999,NVT,NNXXREG_WAT,00,-68.0,1996-10-08T00:50:00.000Z,Waterhoogte in Oppervlaktewater t.o.v. Normaal Amsterdams Peil in cm,8000,NVT,SB,NVT,,OW,cm,WATHTE,NAP,10042,NVT,NVT,NVT,,NVT,other:F007,NVT,0,Rijkswateren,Waddenzee,Omgevingswet,https://wetten.overheid.nl/BWBR0037885/2024-01-01/0,2025-04-01T00:00:00+02:00,2025-04-01T00:00:00+02:00,NNN-Rijksw,54,,,
911283,POINT (170500.0002628765 592850.0463623883),5762644,Zwarte Haan,zwartehaan,Zwarte Haan,Ongecontroleerd,-999999999,NVT,NNXXREG_WAT,00,545.0,1996-08-15T00:50:00.000Z,Waterhoogte in Oppervlaktewater t.o.v. Normaal Amsterdams Peil in cm,8000,NVT,SB,NVT,,OW,cm,WATHTE,NAP,10042,NVT,NVT,NVT,,NVT,other:F007,NVT,0,Rijkswateren,Waddenzee,Omgevingswet,https://wetten.overheid.nl/BWBR0037885/2024-01-01/0,2025-04-01T00:00:00+02:00,2025-04-01T00:00:00+02:00,NNN-Rijksw,54,,,
911399,POINT (111849.98711498224 553229.9992972258),5763045,"Den Helder, Marsdiep",denhelder.marsdiep,"Den Helder, Marsdiep",Ongecontroleerd,-999999999,NVT,RIKZMON_WAT,00,43.0,1978-09-22T00:00:00.000Z,Waterhoogte in Oppervlaktewater t.o.v. Normaal Amsterdams Peil in cm,8000,NVT,SB,NVT,,OW,cm,WATHTE,NAP,10177,NVT,NVT,NVT,,NVT,other:F009,NVT,0,Rijkswateren,Waddenzee,Omgevingswet,https://wetten.overheid.nl/BWBR0037885/2024-01-01/0,2025-04-01T00:00:00+02:00,2025-04-01T00:00:00+02:00,NNN-Rijksw,54,,,
911471,POINT (111849.98711498224 553229.9992972258),5763292,"Den Helder, Marsdiep",denhelder.marsdiep,"Den Helder, Marsdiep",Definitief,-999999999,NVT,RIKZMON_WAT,00,27.0,1993-09-07T00:50:00.000Z,Waterhoogte in Oppervlaktewater t.o.v. Normaal Amsterdams Peil in cm,8000,NVT,SB,NVT,,OW,cm,WATHTE,NAP,10042,NVT,NVT,NVT,,NVT,other:F001,NVT,0,Rijkswateren,Waddenzee,Omgevingswet,https://wetten.overheid.nl/BWBR0037885/2024-01-01/0,2025-04-01T00:00:00+02:00,2025-04-01T00:00:00+02:00,NNN-Rijksw,54,,,
911475,POINT (143870.00713424713 597419.9822211565),5763305,"Terschelling, west",terschelling.west,"Terschelling, west",Definitief,-999999999,NVT,RIKZMON_WAT,00,68.0,1993-09-07T00:50:00.000Z,Waterhoogte in Oppervlaktewater t.o.v. Normaal Amsterdams Peil in cm,8000,NVT,SB,NVT,,OW,cm,WATHTE,NAP,10042,NVT,NVT,NVT,,NVT,other:F001,NVT,0,Rijkswateren,Waddenzee,Omgevingswet,https://wetten.overheid.nl/BWBR0037885/2024-01-01/0,2025-04-01T00:00:00+02:00,2025-04-01T00:00:00+02:00,NNN-Rijksw,54,,,
911480,POINT (250749.99653686117 607900.0272354316),5763320,"Eemshaven, haven",eemshaven.haven,"Eemshaven, haven",Definitief,-999999999,NVT,RIKZMON_WAT,00,56.0,1993-09-07T00:50:00.000Z,Waterhoogte in Oppervlaktewater t.o.v. Normaal Amsterdams Peil in cm,8000,NVT,SB,NVT,,OW,cm,WATHTE,NAP,10042,NVT,NVT,NVT,,NVT,other:F001,NVT,0,Rijkswateren,Waddenzee,Omgevingswet,https://wetten.overheid.nl/BWBR0037885/2024-01-01/0,2025-04-01T00:00:00+02:00,2025-04-01T00:00:00+02:00,NNN-Rijksw,54,,,
911481,POINT (187653.02050237145 601148.0146580162),5763324,"Holwerd, Veersteiger",holwerd.veersteiger,zie kaart HAVKT.ZIP in DONAR,Definitief,-999999999,NVT,RIKZMON_WAT,00,72.0,1993-09-07T00:50:00.000Z,Waterhoogte in Oppervlaktewater t.o.v. Normaal Amsterdams Peil in cm,8000,NVT,SB,NVT,,OW,cm,WATHTE,NAP,10042,NVT,NVT,NVT,,NVT,other:F001,NVT,0,Rijkswateren,Waddenzee,Omgevingswet,https://wetten.overheid.nl/BWBR0037885/2024-01-01/0,2025-04-01T00:00:00+02:00,2025-04-01T00:00:00+02:00,NNN-Rijksw,54,,,
911484,POINT (179743.03006612838 604896.9891156603),5763333,"Ameland, Nes",ameland.nes,"Ameland, Nes",Definitief,-999999999,NVT,RIKZMON_WAT,00,71.0,1993-09-07T00:50:00.000Z,Waterhoogte in Oppervlaktewater t.o.v. Normaal Amsterdams Peil in cm,8000,NVT,SB,NVT,,OW,cm,WATHTE,NAP,10042,NVT,NVT,NVT,,NVT,other:F001,NVT,0,Rijkswateren,Waddenzee,Omgevingswet,https://wetten.overheid.nl/BWBR0037885/2024-01-01/0,2025-04-01T00:00:00+02:00,2025-04-01T00:00:00+02:00,NNN-Rijksw,54,,,
911489,POINT (156480.00531856908 576549.9896817596),5763349,"Harlingen, Waddenzee",harlingen.waddenzee,"Harlingen, Waddenzee",Definitief,-999999999,NVT,RIKZMON_WAT,00,71.0,1993-09-07T00:50:00.000Z,Waterhoogte in Oppervlaktewater t.o.v. Normaal Amsterdams Peil in cm,8000,NVT,SB,NVT,,OW,cm,WATHTE,NAP,10042,NVT,NVT,NVT,,NVT,other:F001,NVT,0,Rijkswateren,Waddenzee,Omgevingswet,https://wetten.overheid.nl/BWBR0037885/2024-01-01/0,2025-04-01T00:00:00+02:00,2025-04-01T00:00:00+02:00,NNN-Rijksw,54,,,
911490,POINT (132030.02871991743 549440.044526853),5763352,"Den Oever, Waddenzee voorhaven",denoever.waddenzee.voorhaven,"Den Oever, Waddenzee voorhaven",Definitief,-999999999,NVT,RIKZMON_WAT,00,53.0,1993-09-07T00:50:00.000Z,Waterhoogte in Oppervlaktewater t.o.v. Normaal Amsterdams Peil in cm,8000,NVT,SB,NVT,,OW,cm,WATHTE,NAP,10042,NVT,NVT,NVT,,NVT,other:F001,NVT,0,Rijkswateren,Waddenzee,Omgevingswet,https://wetten.overheid.nl/BWBR0037885/2024-01-01/0,2025-04-01T00:00:00+02:00,2025-04-01T00:00:00+02:00,NNN-Rijksw,54,,,
911491,POINT (209170.01738969103 609499.9463397942),5763355,"Schiermonnikoog, Waddenzee",schiermonnikoog.waddenzee,"Schiermonnikoog, Waddenzee",Definitief,-999999999,NVT,RIKZMON_WAT,00,75.0,1993-09-07T00:50:00.000Z,Waterhoogte in Oppervlaktewater t.o.v. Normaal Amsterdams Peil in cm,8000,NVT,SB,NVT,,OW,cm,WATHTE,NAP,10042,NVT,NVT,NVT,,NVT,other:F001,NVT,0,Rijkswateren,Waddenzee,Omgevingswet,https://wetten.overheid.nl/BWBR0037885/2024-01-01/0,2025-04-01T00:00:00+02:00,2025-04-01T00:00:00+02:00,NNN-Rijksw,54,,,
911492,POINT (151484.81579166203 565306.1851964414),5763358,Kornwerderzand Waddenzee buitenhaven,kornwerderzand.waddenzee.buitenhaven,Kornwerderzand Waddenzee buitenhaven,Definitief,-999999999,NVT,RIKZMON_WAT,00,67.0,1993-09-07T00:50:00.000Z,Waterhoogte in Oppervlaktewater t.o.v. Normaal Amsterdams Peil in cm,8000,NVT,SB,NVT,,OW,cm,WATHTE,NAP,10042,NVT,NVT,NVT,,NVT,other:F001,NVT,0,Rijkswateren,Waddenzee,Omgevingswet,https://wetten.overheid.nl/BWBR0037885/2024-01-01/0,2025-04-01T00:00:00+02:00,2025-04-01T00:00:00+02:00,NNN-Rijksw,54,,,
911562,POINT (156480.00531856908 576549.9896817596),5763580,"Harlingen, Waddenzee",harlingen.waddenzee,"Harlingen, Waddenzee",Ongecontroleerd,-999999999,NVT,RIKZMON_WAT,00,-66.0,1980-03-26T23:00:00.000Z,Waterhoogte in Oppervlaktewater t.o.v. Normaal Amsterdams Peil in cm,8000,NVT,SB,NVT,,OW,cm,WATHTE,NAP,10256,NVT,NVT,NVT,,NVT,other:F009,NVT,0,Rijkswateren,Waddenzee,Omgevingswet,https://wetten.overheid.nl/BWBR0037885/2024-01-01/0,2025-04-01T00:00:00+02:00,2025-04-01T00:00:00+02:00,NNN-Rijksw,54,,,
911563,POINT (179743.03006612838 604896.9891156603),5763583,"Ameland, Nes",ameland.nes,"Ameland, Nes",Ongecontroleerd,-999999999,NVT,RIKZMON_WAT,00,49.0,1978-03-29T23:00:00.000Z,Waterhoogte in Oppervlaktewater t.o.v. Normaal Amsterdams Peil in cm,8000,NVT,SB,NVT,,OW,cm,WATHTE,NAP,10257,NVT,NVT,NVT,,NVT,other:F009,NVT,0,Rijkswateren,Waddenzee,Omgevingswet,https://wetten.overheid.nl/BWBR0037885/2024-01-01/0,2025-04-01T00:00:00+02:00,2025-04-01T00:00:00+02:00,NNN-Rijksw,54,,,
911564,POINT (143870.00713424713 597419.9822211565),5763586,"Terschelling, west",terschelling.west,"Terschelling, west",Ongecontroleerd,-999999999,NVT,RIKZMON_WAT,00,26.0,1988-03-24T10:00:00.000Z,Waterhoogte in Oppervlaktewater t.o.v. Normaal Amsterdams Peil in cm,8000,NVT,SB,NVT,,OW,cm,WATHTE,NAP,10258,NVT,NVT,NVT,,NVT,other:F009,NVT,0,Rijkswateren,Waddenzee,Omgevingswet,https://wetten.overheid.nl/BWBR0037885/2024-01-01/0,2025-04-01T00:00:00+02:00,2025-04-01T00:00:00+02:00,NNN-Rijksw,54,,,
911565,POINT (151484.81579166203 565306.1851964414),5763589,Kornwerderzand Waddenzee buitenhaven,kornwerderzand.waddenzee.buitenhaven,Kornwerderzand Waddenzee buitenhaven,Ongecontroleerd,-999999999,NVT,RIKZMON_WAT,00,59.0,1980-06-17T00:00:00.000Z,Waterhoogte in Oppervlaktewater t.o.v. Normaal Amsterdams Peil in cm,8000,NVT,SB,NVT,,OW,cm,WATHTE,NAP,10257,NVT,NVT,NVT,,NVT,other:F009,NVT,0,Rijkswateren,Waddenzee,Omgevingswet,https://wetten.overheid.nl/BWBR0037885/2024-01-01/0,2025-04-01T00:00:00+02:00,2025-04-01T00:00:00+02:00,NNN-Rijksw,54,,,
911566,POINT (156480.00531856908 576549.9896817596),5763592,"Harlingen, Waddenzee",harlingen.waddenzee,"Harlingen, Waddenzee",Ongecontroleerd,-999999999,NVT,RIKZMON_WAT,00,150.0,1986-12-31T23:00:00.000Z,Waterhoogte in Oppervlaktewater t.o.v. Normaal Amsterdams Peil in cm,8000,NVT,SB,NVT,,OW,cm,WATHTE,NAP,10258,NVT,NVT,NVT,,NVT,other:F009,NVT,0,Rijkswateren,Waddenzee,Omgevingswet,https://wetten.overheid.nl/BWBR0037885/2024-01-01/0,2025-04-01T00:00:00+02:00,2025-04-01T00:00:00+02:00,NNN-Rijksw,54,,,
911567,POINT (187653.02050237145 601148.0146580162),5763595,"Holwerd, Veersteiger",holwerd.veersteiger,zie kaart HAVKT.ZIP in DONAR,Ongecontroleerd,-999999999,NVT,RIKZMON_WAT,00,51.0,1980-10-28T23:00:00.000Z,Waterhoogte in Oppervlaktewater t.o.v. Normaal Amsterdams Peil in cm,8000,NVT,SB,NVT,,OW,cm,WATHTE,NAP,10257,NVT,NVT,NVT,,NVT,other:F009,NVT,0,Rijkswateren,Waddenzee,Omgevingswet,https://wetten.overheid.nl/BWBR0037885/2024-01-01/0,2025-04-01T00:00:00+02:00,2025-04-01T00:00:00+02:00,NNN-Rijksw,54,,,
911568,POINT (187653.02050237145 601148.0146580162),5763599,"Holwerd, Veersteiger",holwerd.veersteiger,zie kaart HAVKT.ZIP in DONAR,Ongecontroleerd,-999999999,NVT,RIKZMON_WAT,00,180.0,1989-03-22T23:00:00.000Z,Waterhoogte in Oppervlaktewater t.o.v. Normaal Amsterdams Peil in cm,8000,NVT,SB,NVT,,OW,cm,WATHTE,NAP,10258,NVT,NVT,NVT,,NVT,other:F009,NVT,0,Rijkswateren,Waddenzee,Omgevingswet,https://wetten.overheid.nl/BWBR0037885/2024-01-01/0,2025-04-01T00:00:00+02:00,2025-04-01T00:00:00+02:00,NNN-Rijksw,54,,,
911569,POINT (179743.03006612838 604896.9891156603),5763602,"Ameland, Nes",ameland.nes,"Ameland, Nes",Ongecontroleerd,-999999999,NVT,RIKZMON_WAT,00,48.0,1987-07-01T00:00:00.000Z,Waterhoogte in Oppervlaktewater t.o.v. Normaal Amsterdams Peil in cm,8000,NVT,SB,NVT,,OW,cm,WATHTE,NAP,10258,NVT,NVT,NVT,,NVT,other:F009,NVT,0,Rijkswateren,Waddenzee,Omgevingswet,https://wetten.overheid.nl/BWBR0037885/2024-01-01/0,2025-04-01T00:00:00+02:00,2025-04-01T00:00:00+02:00,NNN-Rijksw,54,,,
911570,POINT (151484.81579166203 565306.1851964414),5763605,Kornwerderzand Waddenzee buitenhaven,kornwerderzand.waddenzee.buitenhaven,Kornwerderzand Waddenzee buitenhaven,Ongecontroleerd,-999999999,NVT,RIKZMON_WAT,00,20.0,1988-03-24T10:00:00.000Z,Waterhoogte in Oppervlaktewater t.o.v. Normaal Amsterdams Peil in cm,8000,NVT,SB,NVT,,OW,cm,WATHTE,NAP,10258,NVT,NVT,NVT,,NVT,other:F009,NVT,0,Rijkswateren,Waddenzee,Omgevingswet,https://wetten.overheid.nl/BWBR0037885/2024-01-01/0,2025-04-01T00:00:00+02:00,2025-04-01T00:00:00+02:00,NNN-Rijksw,54,,,
911571,POINT (132030.02871991743 549440.044526853),5763608,"Den Oever, Waddenzee voorhaven",denoever.waddenzee.voorhaven,"Den Oever, Waddenzee voorhaven",Ongecontroleerd,-999999999,NVT,RIKZMON_WAT,00,45.0,1980-12-31T23:00:00.000Z,Waterhoogte in Oppervlaktewater t.o.v. Normaal Amsterdams Peil in cm,8000,NVT,SB,NVT,,OW,cm,WATHTE,NAP,10256,NVT,NVT,NVT,,NVT,other:F009,NVT,0,Rijkswateren,Waddenzee,Omgevingswet,https://wetten.overheid.nl/BWBR0037885/2024-01-01/0,2025-04-01T00:00:00+02:00,2025-04-01T00:00:00+02:00,NNN-Rijksw,54,,,
911572,POINT (115000.00033091923 549840.0554559415),5763611,Oostoever,oostoever,Oostoever,Ongecontroleerd,-999999999,NVT,RIKZMON_WAT,00,56.0,1980-12-31T23:00:00.000Z,Waterhoogte in Oppervlaktewater t.o.v. Normaal Amsterdams Peil in cm,8000,NVT,SB,NVT,,OW,cm,WATHTE,NAP,10256,NVT,NVT,NVT,,NVT,other:F009,NVT,0,Rijkswateren,Waddenzee,Omgevingswet,https://wetten.overheid.nl/BWBR0037885/2024-01-01/0,2025-04-01T00:00:00+02:00,2025-04-01T00:00:00+02:00,NNN-Rijksw,54,,,
911574,POINT (132030.02871991743 549440.044526853),5763618,"Den Oever, Waddenzee voorhaven",denoever.waddenzee.voorhaven,"Den Oever, Waddenzee voorhaven",Ongecontroleerd,-999999999,NVT,RIKZMON_WAT,00,4.0,1988-01-13T11:00:00.000Z,Waterhoogte in Oppervlaktewater t.o.v. Normaal Amsterdams Peil in cm,8000,NVT,SB,NVT,,OW,cm,WATHTE,NAP,10258,NVT,NVT,NVT,,NVT,other:F009,NVT,0,Rijkswateren,Waddenzee,Omgevingswet,https://wetten.overheid.nl/BWBR0037885/2024-01-01/0,2025-04-01T00:00:00+02:00,2025-04-01T00:00:00+02:00,NNN-Rijksw,54,,,
911575,POINT (209170.01738969103 609499.9463397942),5763621,"Schiermonnikoog, Waddenzee",schiermonnikoog.waddenzee,"Schiermonnikoog, Waddenzee",Ongecontroleerd,-999999999,NVT,RIKZMON_WAT,00,17.0,1989-01-25T15:00:00.000Z,Waterhoogte in Oppervlaktewater t.o.v. Normaal Amsterdams Peil in cm,8000,NVT,SB,NVT,,OW,cm,WATHTE,NAP,10258,NVT,NVT,NVT,,NVT,other:F009,NVT,0,Rijkswateren,Waddenzee,Omgevingswet,https://wetten.overheid.nl/BWBR0037885/2024-01-01/0,2025-04-01T00:00:00+02:00,2025-04-01T00:00:00+02:00,NNN-Rijksw,54,,,
911576,POINT (209170.01738969103 609499.9463397942),5763624,"Schiermonnikoog, Waddenzee",schiermonnikoog.waddenzee,"Schiermonnikoog, Waddenzee",Ongecontroleerd,-999999999,NVT,RIKZMON_WAT,00,67.0,1979-09-27T00:00:00.000Z,Waterhoogte in Oppervlaktewater t.o.v. Normaal Amsterdams Peil in cm,8000,NVT,SB,NVT,,OW,cm,WATHTE,NAP,10257,NVT,NVT,NVT,,NVT,other:F009,NVT,0,Rijkswateren,Waddenzee,Omgevingswet,https://wetten.overheid.nl/BWBR0037885/2024-01-01/0,2025-04-01T00:00:00+02:00,2025-04-01T00:00:00+02:00,NNN-Rijksw,54,,,
911579,POINT (250749.99653686117 607900.0272354316),5763633,"Eemshaven, haven",eemshaven.haven,"Eemshaven, haven",Ongecontroleerd,-999999999,NVT,RIKZMON_WAT,00,12.0,1988-01-07T17:00:00.000Z,Waterhoogte in Oppervlaktewater t.o.v. Normaal Amsterdams Peil in cm,8000,NVT,SB,NVT,,OW,cm,WATHTE,NAP,10258,NVT,NVT,NVT,,NVT,other:F009,NVT,0,Rijkswateren,Waddenzee,Omgevingswet,https://wetten.overheid.nl/BWBR0037885/2024-01-01/0,2025-04-01T00:00:00+02:00,2025-04-01T00:00:00+02:00,NNN-Rijksw,54,,,
911581,POINT (199342.0219217618 608781.0324986115),5763640,"Engelsmanplaat, noord",engelsmanplaat.noord,"Engelsmanplaat, noord",Ongecontroleerd,-999999999,NVT,RIKZMON_WAT,00,69.0,1987-12-31T23:00:00.000Z,Waterhoogte in Oppervlaktewater t.o.v. Normaal Amsterdams Peil in cm,8000,NVT,SB,NVT,,OW,cm,WATHTE,NAP,10272,NVT,NVT,NVT,,NVT,other:F009,NVT,0,Rijkswateren,Waddenzee,Omgevingswet,https://wetten.overheid.nl/BWBR0037885/2024-01-01/0,2025-04-01T00:00:00+02:00,2025-04-01T00:00:00+02:00,NNN-Rijksw,54,,,
911666,POINT (111849.98711498224 553229.9992972258),5763909,"Den Helder, Marsdiep",denhelder.marsdiep,"Den Helder, Marsdiep",Ongecontroleerd,-999999999,NVT,RIKZMON_WAT,00,15.0,1986-12-31T23:00:00.000Z,Waterhoogte in Oppervlaktewater t.o.v. Normaal Amsterdams Peil in cm,8000,NVT,SB,NVT,,OW,cm,WATHTE,NAP,10258,NVT,NVT,NVT,,NVT,other:F009,NVT,0,Rijkswateren,Waddenzee,Omgevingswet,https://wetten.overheid.nl/BWBR0037885/2024-01-01/0,2025-04-01T00:00:00+02:00,2025-04-01T00:00:00+02:00,NNN-Rijksw,54,,,
918353,POINT (187653.02050237145 601148.0146580162),5986595,"Holwerd, Veersteiger",holwerd.veersteiger,zie kaart HAVKT.ZIP in DONAR,Ongecontroleerd,-999999999,NVT,RIKZMON_WAT,00,-1.0,2025-11-27T00:50:00.000Z,Waterhoogte in Oppervlaktewater t.o.v. Normaal Amsterdams Peil in cm,8000,NVT,SB,NVT,,OW,cm,WATHTE,NAP,10220,NVT,NVT,NVT,,NVT,other:F007,NVT,0,Rijkswateren,Waddenzee,Omgevingswet,https://wetten.overheid.nl/BWBR0037885/2024-01-01/0,2025-04-01T00:00:00+02:00,2025-04-01T00:00:00+02:00,NNN-Rijksw,54,,,
919150,POINT (132030.02871991743 549440.044526853),5989592,"Den Oever, Waddenzee voorhaven",denoever.waddenzee.voorhaven,"Den Oever, Waddenzee voorhaven",Gecontroleerd,-999999999,NVT,ZLXXREG_ZEGE,00,-66.0,2025-10-01T08:55:00.000Z,Waterhoogte in Oppervlaktewater t.o.v. Normaal Amsterdams Peil in cm,8000,NVT,SB,NVT,,OW,cm,WATHTE,NAP,10042,NVT,NVT,NVT,GETETM2,NVT,other:F010,NVT,0,Rijkswateren,Waddenzee,Omgevingswet,https://wetten.overheid.nl/BWBR0037885/2024-01-01/0,2025-04-01T00:00:00+02:00,2025-04-01T00:00:00+02:00,NNN-Rijksw,54,,,
919172,POINT (179743.03006612838 604896.9891156603),5989716,"Ameland, Nes",ameland.nes,"Ameland, Nes",Gecontroleerd,-999999999,NVT,ZLXXREG_ZEGE,00,-97.0,2025-10-01T10:25:00.000Z,Waterhoogte in Oppervlaktewater t.o.v. Normaal Amsterdams Peil in cm,8000,NVT,SB,NVT,,OW,cm,WATHTE,NAP,10042,NVT,NVT,NVT,GETETM2,NVT,other:F010,NVT,0,Rijkswateren,Waddenzee,Omgevingswet,https://wetten.overheid.nl/BWBR0037885/2024-01-01/0,2025-04-01T00:00:00+02:00,2025-04-01T00:00:00+02:00,NNN-Rijksw,54,,,
919182,POINT (151484.81579166203 565306.1851964414),5989801,Kornwerderzand Waddenzee buitenhaven,kornwerderzand.waddenzee.buitenhaven,Kornwerderzand Waddenzee buitenhaven,Gecontroleerd,-999999999,NVT,RIKZ_WAT,00,-79.0,2024-05-01T08:45:00.000Z,Waterhoogte in Oppervlaktewater t.o.v. Normaal Amsterdams Peil in cm,8000,NVT,SB,NVT,,OW,cm,WATHTE,NAP,10042,NVT,NVT,NVT,GETETM2,NVT,other:F010,NVT,0,Rijkswateren,Waddenzee,Omgevingswet,https://wetten.overheid.nl/BWBR0037885/2024-01-01/0,2025-04-01T00:00:00+02:00,2025-04-01T00:00:00+02:00,NNN-Rijksw,54,,,
919186,POINT (111849.98711498224 553229.9992972258),5989814,"Den Helder, Marsdiep",denhelder.marsdiep,"Den Helder, Marsdiep",Gecontroleerd,-999999999,NVT,ZLXXREG_ZEGE,00,10.0,2025-10-01T12:10:00.000Z,Waterhoogte in Oppervlaktewater t.o.v. Normaal Amsterdams Peil in cm,8000,NVT,SB,NVT,,OW,cm,WATHTE,NAP,10042,NVT,NVT,NVT,GETETM2,NVT,other:F010,NVT,0,Rijkswateren,Waddenzee,Omgevingswet,https://wetten.overheid.nl/BWBR0037885/2024-01-01/0,2025-04-01T00:00:00+02:00,2025-04-01T00:00:00+02:00,NNN-Rijksw,54,,,
919188,POINT (143870.00713424713 597419.9822211565),5989820,"Terschelling, west",terschelling.west,"Terschelling, west",Gecontroleerd,-999999999,NVT,ZLXXREG_ZEGE,00,-77.0,2025-10-01T09:30:00.000Z,Waterhoogte in Oppervlaktewater t.o.v. Normaal Amsterdams Peil in cm,8000,NVT,SB,NVT,,OW,cm,WATHTE,NAP,10042,NVT,NVT,NVT,GETETM2,NVT,other:F010,NVT,0,Rijkswateren,Waddenzee,Omgevingswet,https://wetten.overheid.nl/BWBR0037885/2024-01-01/0,2025-04-01T00:00:00+02:00,2025-04-01T00:00:00+02:00,NNN-Rijksw,54,,,
919194,POINT (156480.00531856908 576549.9896817596),5989861,"Harlingen, Waddenzee",harlingen.waddenzee,"Harlingen, Waddenzee",Gecontroleerd,-999999999,NVT,ZLXXREG_ZEGE,00,-88.0,2025-10-01T10:30:00.000Z,Waterhoogte in Oppervlaktewater t.o.v. Normaal Amsterdams Peil in cm,8000,NVT,SB,NVT,,OW,cm,WATHTE,NAP,10042,NVT,NVT,NVT,GETETM2,NVT,other:F010,NVT,0,Rijkswateren,Waddenzee,Omgevingswet,https://wetten.overheid.nl/BWBR0037885/2024-01-01/0,2025-04-01T00:00:00+02:00,2025-04-01T00:00:00+02:00,NNN-Rijksw,54,,,
919204,POINT (151484.81579166203 565306.1851964414),5989893,Kornwerderzand Waddenzee buitenhaven,kornwerderzand.waddenzee.buitenhaven,Kornwerderzand Waddenzee buitenhaven,Gecontroleerd,-999999999,NVT,ZLXXREG_ZEGE,00,-77.0,2025-10-01T10:00:00.000Z,Waterhoogte in Oppervlaktewater t.o.v. Normaal Amsterdams Peil in cm,8000,NVT,SB,NVT,,OW,cm,WATHTE,NAP,10042,NVT,NVT,NVT,GETETM2,NVT,other:F010,NVT,0,Rijkswateren,Waddenzee,Omgevingswet,https://wetten.overheid.nl/BWBR0037885/2024-01-01/0,2025-04-01T00:00:00+02:00,2025-04-01T00:00:00+02:00,NNN-Rijksw,54,,,
919218,POINT (143870.00713424713 597419.9822211565),5989966,"Terschelling, west",terschelling.west,"Terschelling, west",Gecontroleerd,-999999999,NVT,RIKZ_WAT,00,106.0,2024-04-25T23:20:00.000Z,Waterhoogte in Oppervlaktewater t.o.v. Normaal Amsterdams Peil in cm,8000,NVT,SB,NVT,,OW,cm,WATHTE,NAP,10042,NVT,NVT,NVT,GETETM2,NVT,other:F010,NVT,0,Rijkswateren,Waddenzee,Omgevingswet,https://wetten.overheid.nl/BWBR0037885/2024-01-01/0,2025-04-01T00:00:00+02:00,2025-04-01T00:00:00+02:00,NNN-Rijksw,54,,,
934296,POINT (151484.81579166203 565306.1851964414),6425474,Kornwerderzand Waddenzee buitenhaven,kornwerderzand.waddenzee.buitenhaven,Kornwerderzand Waddenzee buitenhaven,Ongecontroleerd,0,NVT,RIKZMON_WAT,00,-71.0,2026-08-24T13:20:00.000Z,Waterhoogte in Oppervlaktewater t.o.v. Normaal Amsterdams Peil in cm,8000,NVT,SB,NVT,,OW,cm,WATHTE,NAP,10042,NVT,NVT,NVT,,NVT,other:F007,NVT,0,Rijkswateren,Waddenzee,Omgevingswet,https://wetten.overheid.nl/BWBR0037885/2024-01-01/0,2025-04-01T00:00:00+02:00,2025-04-01T00:00:00+02:00,NNN-Rijksw,54,,,
937924,POINT (114070.00310026364 553090.0084458377),6458432,"Den Helder, veersteiger",denhelder.veersteiger,"Den Helder, veersteiger",Ongecontroleerd,0,NVT,RIKZMON_WAT,00,-46.0,2026-08-24T13:20:00.000Z,Waterhoogte in Oppervlaktewater t.o.v. Normaal Amsterdams Peil in cm,8000,NVT,SB,NVT,,OW,cm,WATHTE,NAP,155,NVT,NVT,NVT,,NVT,other:F007,NVT,0,Rijkswateren,Waddenzee,Omgevingswet,https://wetten.overheid.nl/BWBR0037885/2024-01-01/0,2025-04-01T00:00:00+02:00,2025-04-01T00:00:00+02:00,NNN-Rijksw,54,,,
939283,POINT (187939.05878100594 601442.0959720211),6479024,Holwerd vaargeul,holwerd.vaargeul,Holwerd vaargeul,Ongecontroleerd,0,NVT,RIKZMON_WAT,00,-40.0,2026-08-24T13:20:00.000Z,Waterhoogte in Oppervlaktewater t.o.v. Normaal Amsterdams Peil in cm,8000,NVT,SB,NVT,,OW,cm,WATHTE,NAP,10299,NVT,NVT,NVT,,NVT,other:F007,NVT,0,Rijkswateren,Waddenzee,Omgevingswet,https://wetten.overheid.nl/BWBR0037885/2024-01-01/0,2025-04-01T00:00:00+02:00,2025-04-01T00:00:00+02:00,NNN-Rijksw,54,,,
940642,POINT (182129.09920444537 599342.0736956508),8291967,Dantziggat Piet Scheveplaat zuid,dantziggat.pietscheveplaat.zuid,Dantziggat Piet Scheveplaat zuid,Ongecontroleerd,0,NVT,RIKZMON_WAT,00,-74.0,2026-08-24T13:20:00.000Z,Waterhoogte in Oppervlaktewater t.o.v. Normaal Amsterdams Peil in cm,8000,NVT,SB,NVT,,OW,cm,WATHTE,NAP,10299,NVT,NVT,NVT,,NVT,other:F007,NVT,0,Rijkswateren,Waddenzee,Omgevingswet,https://wetten.overheid.nl/BWBR0037885/2024-01-01/0,2025-04-01T00:00:00+02:00,2025-04-01T00:00:00+02:00,NNN-Rijksw,54,,,
