locatie_id,watersysteemid,locatie_naam,locatie_code,locatie_omschrijving,rw_identificatie,PARAMETER_WAT_OMSCHRIJVING,TIJDSTIP_LAATSTE_METING,geometry
locatiesmetlaatstewaarneming.fid-25e367c2_19f8584639c_-5cdb,"Eems, Dollard",Huibertgat,huibertgat,Huibertgat,"Eems, Dollard",Waterhoogte in Oppervlaktewater t.o.v. Normaal Amsterdams Peil in cm,2026-07-21T18:20:00Z,"c(6.398433, 53.57375)"
locatiesmetlaatstewaarneming.fid-25e367c2_19f8584639c_-5bd0,"Eems, Dollard",Huibertgat,huibertgat,Huibertgat,"Eems, Dollard",Waterhoogte in Oppervlaktewater t.o.v. Normaal Amsterdams Peil in cm,2025-11-27T00:50:00Z,"c(6.398433, 53.57375)"
locatiesmetlaatstewaarneming.fid-25e367c2_19f8584639c_-5b6d,"Eems, Dollard","Eemshaven, Waddenzee",eemshaven.waddenzee,stroommeetpaal,"Eems, Dollard",Waterhoogte in Oppervlaktewater t.o.v. Normaal Amsterdams Peil in cm,2025-08-28T15:15:00Z,"c(6.821731, 53.474392)"
locatiesmetlaatstewaarneming.fid-25e367c2_19f8584639c_-5afd,"Eems, Dollard","Eemshaven, Waddenzee",eemshaven.waddenzee,stroommeetpaal,"Eems, Dollard",Waterhoogte in Oppervlaktewater t.o.v. Normaal Amsterdams Peil in cm,2025-11-27T00:50:00Z,"c(6.821731, 53.474392)"
locatiesmetlaatstewaarneming.fid-25e367c2_19f8584639c_-5ae2,"Eems, Dollard","Eemshaven, Waddenzee",eemshaven.waddenzee,stroommeetpaal,"Eems, Dollard",Waterhoogte in Oppervlaktewater t.o.v. Normaal Amsterdams Peil in cm,2025-11-27T00:50:00Z,"c(6.821731, 53.474392)"
locatiesmetlaatstewaarneming.fid-25e367c2_19f8584639c_-5adf,"Eems, Dollard","Eemshaven, Waddenzee",eemshaven.waddenzee,stroommeetpaal,"Eems, Dollard",Waterhoogte in Oppervlaktewater t.o.v. Normaal Amsterdams Peil in cm,2025-11-27T01:00:00Z,"c(6.821731, 53.474392)"
locatiesmetlaatstewaarneming.fid-25e367c2_19f8584639c_-5a9f,"Eems, Dollard",Huibertgat,huibertgat,Huibertgat,"Eems, Dollard",Waterhoogte in Oppervlaktewater t.o.v. Normaal Amsterdams Peil in cm,2025-10-01T10:25:00Z,"c(6.398433, 53.57375)"
locatiesmetlaatstewaarneming.fid-25e367c2_19f8584639c_-5a5b,"Eems, Dollard","Eemshaven, Waddenzee",eemshaven.waddenzee,stroommeetpaal,"Eems, Dollard",Waterhoogte in Oppervlaktewater t.o.v. Normaal Amsterdams Peil in cm,2026-07-21T18:20:00Z,"c(6.821731, 53.474392)"
locatiesmetlaatstewaarneming.fid-25e367c2_19f8584639c_-5cce,Eemskanaal,Slochtersluis,slochtersluis.boven,Slochtersluis,Eemskanaal,Waterhoogte in Oppervlaktewater t.o.v. Normaal Amsterdams Peil in cm,2026-07-21T18:00:00Z,"c(6.65056, 53.23631)"
locatiesmetlaatstewaarneming.fid-25e367c2_19f8584639c_-5c04,Eemskanaal,Delfzijl,delfzijl,Delfzijl,Eemskanaal,Waterhoogte in Oppervlaktewater t.o.v. Normaal Amsterdams Peil in cm,2026-07-21T18:20:00Z,"c(6.931, 53.328)"
locatiesmetlaatstewaarneming.fid-25e367c2_19f8584639c_-5bef,Eemskanaal,Delfzijl,delfzijl,Delfzijl,Eemskanaal,Waterhoogte in Oppervlaktewater t.o.v. Normaal Amsterdams Peil in cm,2026-01-01T23:50:00Z,"c(6.931, 53.328)"
locatiesmetlaatstewaarneming.fid-25e367c2_19f8584639c_-5b79,Eemskanaal,Delfzijl,delfzijl,Delfzijl,Eemskanaal,Waterhoogte in Oppervlaktewater t.o.v. Normaal Amsterdams Peil in cm,2025-01-01T00:38:00Z,"c(6.931, 53.328)"
locatiesmetlaatstewaarneming.fid-25e367c2_19f8584639c_-5a98,Eemskanaal,Delfzijl,delfzijl,Delfzijl,Eemskanaal,Waterhoogte in Oppervlaktewater t.o.v. Normaal Amsterdams Peil in cm,2025-10-01T11:49:00Z,"c(6.931, 53.328)"
locatiesmetlaatstewaarneming.fid-25e367c2_19f8584639c_-5cda,Waddenzee,"Schiermonnikoog, Waddenzee",schiermonnikoog.waddenzee,"Schiermonnikoog, Waddenzee",Waddenzee,Waterhoogte in Oppervlaktewater t.o.v. Normaal Amsterdams Peil in cm,2026-07-21T18:20:00Z,"c(6.202908, 53.468937)"
locatiesmetlaatstewaarneming.fid-25e367c2_19f8584639c_-5cbe,Waddenzee,"Harlingen, Waddenzee",harlingen.waddenzee,"Harlingen, Waddenzee",Waddenzee,Waterhoogte in Oppervlaktewater t.o.v. Normaal Amsterdams Peil in cm,2026-07-21T18:20:00Z,"c(5.409342, 53.175634)"
locatiesmetlaatstewaarneming.fid-25e367c2_19f8584639c_-5caf,Waddenzee,"Terschelling, west",terschelling.west,"Terschelling, west",Waddenzee,Waterhoogte in Oppervlaktewater t.o.v. Normaal Amsterdams Peil in cm,2026-07-21T18:20:00Z,"c(5.220026, 53.363045)"
locatiesmetlaatstewaarneming.fid-25e367c2_19f8584639c_-5cac,Waddenzee,"Ameland, Nes",ameland.nes,"Ameland, Nes",Waddenzee,Waterhoogte in Oppervlaktewater t.o.v. Normaal Amsterdams Peil in cm,2026-07-21T18:20:00Z,"c(5.759448, 53.429766)"
locatiesmetlaatstewaarneming.fid-25e367c2_19f8584639c_-5c9c,Waddenzee,Uithuizerwad,uithuizerwad,"voorheen Uithuizerwad, 1",Waddenzee,Waterhoogte in Oppervlaktewater t.o.v. Normaal Amsterdams Peil in cm,2026-07-21T18:20:00Z,"c(6.749939, 53.466778)"
locatiesmetlaatstewaarneming.fid-25e367c2_19f8584639c_-5c94,Waddenzee,"Den Helder, Marsdiep",denhelder.marsdiep,"Den Helder, Marsdiep",Waddenzee,Waterhoogte in Oppervlaktewater t.o.v. Normaal Amsterdams Peil in cm,2026-07-21T18:20:00Z,"c(4.74499, 52.964359)"
locatiesmetlaatstewaarneming.fid-25e367c2_19f8584639c_-5c33,Waddenzee,"Den Oever, Waddenzee voorhaven",denoever.waddenzee.voorhaven,"Den Oever, Waddenzee voorhaven",Waddenzee,Waterhoogte in Oppervlaktewater t.o.v. Normaal Amsterdams Peil in cm,2026-07-21T18:20:00Z,"c(5.045596, 52.931538)"
locatiesmetlaatstewaarneming.fid-25e367c2_19f8584639c_-5bd1,Waddenzee,"Schiermonnikoog, Waddenzee",schiermonnikoog.waddenzee,"Schiermonnikoog, Waddenzee",Waddenzee,Waterhoogte in Oppervlaktewater t.o.v. Normaal Amsterdams Peil in cm,2025-11-27T00:50:00Z,"c(6.202908, 53.468937)"
locatiesmetlaatstewaarneming.fid-25e367c2_19f8584639c_-5bcd,Waddenzee,"Ameland, Nes",ameland.nes,"Ameland, Nes",Waddenzee,Waterhoogte in Oppervlaktewater t.o.v. Normaal Amsterdams Peil in cm,2025-11-27T00:50:00Z,"c(5.759448, 53.429766)"
locatiesmetlaatstewaarneming.fid-25e367c2_19f8584639c_-5bcc,Waddenzee,"Holwerd, Veersteiger",holwerd.veersteiger,zie kaart HAVKT.ZIP in DONAR,Waddenzee,Waterhoogte in Oppervlaktewater t.o.v. Normaal Amsterdams Peil in cm,2025-01-01T23:50:00Z,"c(5.878059, 53.395656)"
locatiesmetlaatstewaarneming.fid-25e367c2_19f8584639c_-5bcb,Waddenzee,"Harlingen, Waddenzee",harlingen.waddenzee,"Harlingen, Waddenzee",Waddenzee,Waterhoogte in Oppervlaktewater t.o.v. Normaal Amsterdams Peil in cm,2026-01-01T23:50:00Z,"c(5.409342, 53.175634)"
locatiesmetlaatstewaarneming.fid-25e367c2_19f8584639c_-5bc8,Waddenzee,"Terschelling, west",terschelling.west,"Terschelling, west",Waddenzee,Waterhoogte in Oppervlaktewater t.o.v. Normaal Amsterdams Peil in cm,2026-01-01T23:50:00Z,"c(5.220026, 53.363045)"
locatiesmetlaatstewaarneming.fid-25e367c2_19f8584639c_-5bc2,Waddenzee,Kornwerderzand Waddenzee buitenhaven,kornwerderzand.waddenzee.buitenhaven,Kornwerderzand Waddenzee buitenhaven,Waddenzee,Waterhoogte in Oppervlaktewater t.o.v. Normaal Amsterdams Peil in cm,2025-11-27T00:50:00Z,"c(5.334757, 53.07459)"
locatiesmetlaatstewaarneming.fid-25e367c2_19f8584639c_-5bbc,Waddenzee,"Den Oever, Waddenzee voorhaven",denoever.waddenzee.voorhaven,"Den Oever, Waddenzee voorhaven",Waddenzee,Waterhoogte in Oppervlaktewater t.o.v. Normaal Amsterdams Peil in cm,2025-11-27T00:50:00Z,"c(5.045596, 52.931538)"
locatiesmetlaatstewaarneming.fid-25e367c2_19f8584639c_-5bb4,Waddenzee,"Den Helder, Marsdiep",denhelder.marsdiep,"Den Helder, Marsdiep",Waddenzee,Waterhoogte in Oppervlaktewater t.o.v. Normaal Amsterdams Peil in cm,2026-01-01T23:50:00Z,"c(4.74499, 52.964359)"
locatiesmetlaatstewaarneming.fid-25e367c2_19f8584639c_-5b82,Waddenzee,Uithuizerwad,uithuizerwad,"voorheen Uithuizerwad, 1",Waddenzee,Waterhoogte in Oppervlaktewater t.o.v. Normaal Amsterdams Peil in cm,2025-11-27T00:50:00Z,"c(6.749939, 53.466778)"
locatiesmetlaatstewaarneming.fid-25e367c2_19f8584639c_-5b78,Waddenzee,"Den Helder, Marsdiep",denhelder.marsdiep,"Den Helder, Marsdiep",Waddenzee,Waterhoogte in Oppervlaktewater t.o.v. Normaal Amsterdams Peil in cm,2025-01-01T01:44:00Z,"c(4.74499, 52.964359)"
locatiesmetlaatstewaarneming.fid-25e367c2_19f8584639c_-5b66,Waddenzee,"Holwerd, Veersteiger",holwerd.veersteiger,zie kaart HAVKT.ZIP in DONAR,Waddenzee,Waterhoogte in Oppervlaktewater t.o.v. Normaal Amsterdams Peil in cm,2025-01-01T18:09:00Z,"c(5.878059, 53.395656)"
locatiesmetlaatstewaarneming.fid-25e367c2_19f8584639c_-5ae8,Waddenzee,"Den Helder, veersteiger",denhelder.veersteiger,"Den Helder, veersteiger",Waddenzee,Waterhoogte in Oppervlaktewater t.o.v. Normaal Amsterdams Peil in cm,2025-11-27T00:50:00Z,"c(4.778047, 52.963274)"
locatiesmetlaatstewaarneming.fid-25e367c2_19f8584639c_-5ab3,Waddenzee,"Holwerd, Veersteiger",holwerd.veersteiger,zie kaart HAVKT.ZIP in DONAR,Waddenzee,Waterhoogte in Oppervlaktewater t.o.v. Normaal Amsterdams Peil in cm,2025-11-27T00:50:00Z,"c(5.878059, 53.395656)"
locatiesmetlaatstewaarneming.fid-25e367c2_19f8584639c_-5aa0,Waddenzee,"Den Oever, Waddenzee voorhaven",denoever.waddenzee.voorhaven,"Den Oever, Waddenzee voorhaven",Waddenzee,Waterhoogte in Oppervlaktewater t.o.v. Normaal Amsterdams Peil in cm,2025-10-01T08:55:00Z,"c(5.045596, 52.931538)"
locatiesmetlaatstewaarneming.fid-25e367c2_19f8584639c_-5a96,Waddenzee,"Ameland, Nes",ameland.nes,"Ameland, Nes",Waddenzee,Waterhoogte in Oppervlaktewater t.o.v. Normaal Amsterdams Peil in cm,2025-10-01T10:25:00Z,"c(5.759448, 53.429766)"
locatiesmetlaatstewaarneming.fid-25e367c2_19f8584639c_-5a90,Waddenzee,"Den Helder, Marsdiep",denhelder.marsdiep,"Den Helder, Marsdiep",Waddenzee,Waterhoogte in Oppervlaktewater t.o.v. Normaal Amsterdams Peil in cm,2025-10-01T12:10:00Z,"c(4.74499, 52.964359)"
locatiesmetlaatstewaarneming.fid-25e367c2_19f8584639c_-5a8f,Waddenzee,"Terschelling, west",terschelling.west,"Terschelling, west",Waddenzee,Waterhoogte in Oppervlaktewater t.o.v. Normaal Amsterdams Peil in cm,2025-10-01T09:30:00Z,"c(5.220026, 53.363045)"
locatiesmetlaatstewaarneming.fid-25e367c2_19f8584639c_-5a8d,Waddenzee,"Harlingen, Waddenzee",harlingen.waddenzee,"Harlingen, Waddenzee",Waddenzee,Waterhoogte in Oppervlaktewater t.o.v. Normaal Amsterdams Peil in cm,2025-10-01T10:30:00Z,"c(5.409342, 53.175634)"
locatiesmetlaatstewaarneming.fid-25e367c2_19f8584639c_-5a88,Waddenzee,Kornwerderzand Waddenzee buitenhaven,kornwerderzand.waddenzee.buitenhaven,Kornwerderzand Waddenzee buitenhaven,Waddenzee,Waterhoogte in Oppervlaktewater t.o.v. Normaal Amsterdams Peil in cm,2025-10-01T10:00:00Z,"c(5.334757, 53.07459)"
locatiesmetlaatstewaarneming.fid-25e367c2_19f8584639c_-5a80,Waddenzee,Kornwerderzand Waddenzee buitenhaven,kornwerderzand.waddenzee.buitenhaven,Kornwerderzand Waddenzee buitenhaven,Waddenzee,Waterhoogte in Oppervlaktewater t.o.v. Normaal Amsterdams Peil in cm,2026-07-21T18:10:00Z,"c(5.334757, 53.07459)"
locatiesmetlaatstewaarneming.fid-25e367c2_19f8584639c_-5a72,Waddenzee,"Den Helder, veersteiger",denhelder.veersteiger,"Den Helder, veersteiger",Waddenzee,Waterhoogte in Oppervlaktewater t.o.v. Normaal Amsterdams Peil in cm,2026-07-21T18:10:00Z,"c(4.778047, 52.963274)"
locatiesmetlaatstewaarneming.fid-25e367c2_19f8584639c_-5a6f,Waddenzee,Holwerd vaargeul,holwerd.vaargeul,Holwerd vaargeul,Waddenzee,Waterhoogte in Oppervlaktewater t.o.v. Normaal Amsterdams Peil in cm,2026-07-21T18:20:00Z,"c(5.8823891, 53.39828062)"
locatiesmetlaatstewaarneming.fid-25e367c2_19f8584639c_-5a69,Waddenzee,Dantziggat Piet Scheveplaat zuid,dantziggat.pietscheveplaat.zuid,Dantziggat Piet Scheveplaat zuid,Waddenzee,Waterhoogte in Oppervlaktewater t.o.v. Normaal Amsterdams Peil in cm,2026-07-21T18:20:00Z,"c(5.79487, 53.37974)"
